ISO-10303-21;
HEADER;
/* Generated by software containing ST-Developer
 * from STEP Tools, Inc. (www.steptools.com) 
 */

FILE_DESCRIPTION(
/* description */ (''),
/* implementation_level */ '2;1');

FILE_NAME(
/* name */ 'Gearbox_housing_topplate_v2.step',
/* time_stamp */ '2023-12-05T17:17:38+01:00',
/* author */ (''),
/* organization */ (''),
/* preprocessor_version */ 'ST-DEVELOPER v20',
/* originating_system */ 'Autodesk Translation Framework v12.14.0.127',

/* authorisation */ '');

FILE_SCHEMA (('AUTOMOTIVE_DESIGN { 1 0 10303 214 3 1 1 }'));
ENDSEC;

DATA;
#10=MECHANICAL_DESIGN_GEOMETRIC_PRESENTATION_REPRESENTATION('',(#17),#2029);
#11=ITEM_DEFINED_TRANSFORMATION($,$,#1082,#1151);
#12=(
REPRESENTATION_RELATIONSHIP($,$,#2039,#2038)
REPRESENTATION_RELATIONSHIP_WITH_TRANSFORMATION(#11)
SHAPE_REPRESENTATION_RELATIONSHIP()
);
#13=CONTEXT_DEPENDENT_SHAPE_REPRESENTATION(#12,#2037);
#14=NEXT_ASSEMBLY_USAGE_OCCURRENCE('Housing:1','Housing:1','Housing:1',
#2041,#2042,'Housing:1');
#15=SHAPE_REPRESENTATION_RELATIONSHIP('SRR','None',#2039,#16);
#16=ADVANCED_BREP_SHAPE_REPRESENTATION('',(#18),#2028);
#17=STYLED_ITEM('',(#2052),#18);
#18=MANIFOLD_SOLID_BREP('Body3',#1080);
#19=FACE_BOUND('',#209,.T.);
#20=FACE_BOUND('',#210,.T.);
#21=FACE_BOUND('',#211,.T.);
#22=FACE_BOUND('',#212,.T.);
#23=FACE_BOUND('',#213,.T.);
#24=FACE_BOUND('',#214,.T.);
#25=FACE_BOUND('',#215,.T.);
#26=FACE_BOUND('',#216,.T.);
#27=FACE_BOUND('',#217,.T.);
#28=FACE_BOUND('',#219,.T.);
#29=FACE_BOUND('',#222,.T.);
#30=FACE_BOUND('',#225,.T.);
#31=FACE_BOUND('',#228,.T.);
#32=FACE_BOUND('',#231,.T.);
#33=FACE_BOUND('',#244,.T.);
#34=FACE_BOUND('',#245,.T.);
#35=FACE_BOUND('',#246,.T.);
#36=FACE_BOUND('',#247,.T.);
#37=FACE_BOUND('',#248,.T.);
#38=FACE_BOUND('',#249,.T.);
#39=FACE_BOUND('',#250,.T.);
#40=FACE_BOUND('',#251,.T.);
#41=FACE_BOUND('',#252,.T.);
#42=FACE_BOUND('',#253,.T.);
#43=FACE_BOUND('',#254,.T.);
#44=CONICAL_SURFACE('',#1102,3.5,0.785398163397446);
#45=CIRCLE('',#1097,1.8);
#46=CIRCLE('',#1098,1.8);
#47=CIRCLE('',#1100,1.8);
#48=CIRCLE('',#1101,1.8);
#49=CIRCLE('',#1103,3.99999999999999);
#50=CIRCLE('',#1104,3.);
#51=CIRCLE('',#1106,3.);
#52=CIRCLE('',#1108,8.1);
#53=CIRCLE('',#1109,1.65);
#54=CIRCLE('',#1110,1.65);
#55=CIRCLE('',#1111,1.65);
#56=CIRCLE('',#1112,1.65);
#57=CIRCLE('',#1113,1.65);
#58=CIRCLE('',#1115,1.65);
#59=CIRCLE('',#1117,3.65);
#60=CIRCLE('',#1118,3.65);
#61=CIRCLE('',#1120,1.65);
#62=CIRCLE('',#1122,3.65);
#63=CIRCLE('',#1123,3.65);
#64=CIRCLE('',#1125,1.65);
#65=CIRCLE('',#1127,3.65);
#66=CIRCLE('',#1128,3.65);
#67=CIRCLE('',#1130,1.65);
#68=CIRCLE('',#1132,3.15);
#69=CIRCLE('',#1133,3.15);
#70=CIRCLE('',#1135,1.65);
#71=CIRCLE('',#1141,8.1);
#72=CIRCLE('',#1143,1.65);
#73=CIRCLE('',#1145,1.65);
#74=CYLINDRICAL_SURFACE('',#1096,1.8);
#75=CYLINDRICAL_SURFACE('',#1099,1.8);
#76=CYLINDRICAL_SURFACE('',#1105,3.);
#77=CYLINDRICAL_SURFACE('',#1116,3.65);
#78=CYLINDRICAL_SURFACE('',#1121,3.65);
#79=CYLINDRICAL_SURFACE('',#1126,3.65);
#80=CYLINDRICAL_SURFACE('',#1131,3.15);
#81=CYLINDRICAL_SURFACE('',#1136,1.65);
#82=CYLINDRICAL_SURFACE('',#1137,1.65);
#83=CYLINDRICAL_SURFACE('',#1138,1.65);
#84=CYLINDRICAL_SURFACE('',#1139,1.65);
#85=CYLINDRICAL_SURFACE('',#1140,8.1);
#86=CYLINDRICAL_SURFACE('',#1142,1.65);
#87=CYLINDRICAL_SURFACE('',#1144,1.65);
#88=PLANE('',#1083);
#89=PLANE('',#1084);
#90=PLANE('',#1085);
#91=PLANE('',#1086);
#92=PLANE('',#1087);
#93=PLANE('',#1088);
#94=PLANE('',#1089);
#95=PLANE('',#1090);
#96=PLANE('',#1091);
#97=PLANE('',#1092);
#98=PLANE('',#1093);
#99=PLANE('',#1094);
#100=PLANE('',#1095);
#101=PLANE('',#1107);
#102=PLANE('',#1114);
#103=PLANE('',#1119);
#104=PLANE('',#1124);
#105=PLANE('',#1129);
#106=PLANE('',#1134);
#107=PLANE('',#1146);
#108=PLANE('',#1147);
#109=PLANE('',#1148);
#110=PLANE('',#1149);
#111=PLANE('',#1150);
#112=FACE_OUTER_BOUND('',#171,.T.);
#113=FACE_OUTER_BOUND('',#172,.T.);
#114=FACE_OUTER_BOUND('',#173,.T.);
#115=FACE_OUTER_BOUND('',#174,.T.);
#116=FACE_OUTER_BOUND('',#175,.T.);
#117=FACE_OUTER_BOUND('',#176,.T.);
#118=FACE_OUTER_BOUND('',#177,.T.);
#119=FACE_OUTER_BOUND('',#178,.T.);
#120=FACE_OUTER_BOUND('',#179,.T.);
#121=FACE_OUTER_BOUND('',#180,.T.);
#122=FACE_OUTER_BOUND('',#181,.T.);
#123=FACE_OUTER_BOUND('',#182,.T.);
#124=FACE_OUTER_BOUND('',#183,.T.);
#125=FACE_OUTER_BOUND('',#184,.T.);
#126=FACE_OUTER_BOUND('',#185,.T.);
#127=FACE_OUTER_BOUND('',#186,.T.);
#128=FACE_OUTER_BOUND('',#187,.T.);
#129=FACE_OUTER_BOUND('',#188,.T.);
#130=FACE_OUTER_BOUND('',#189,.T.);
#131=FACE_OUTER_BOUND('',#190,.T.);
#132=FACE_OUTER_BOUND('',#191,.T.);
#133=FACE_OUTER_BOUND('',#192,.T.);
#134=FACE_OUTER_BOUND('',#193,.T.);
#135=FACE_OUTER_BOUND('',#194,.T.);
#136=FACE_OUTER_BOUND('',#195,.T.);
#137=FACE_OUTER_BOUND('',#196,.T.);
#138=FACE_OUTER_BOUND('',#197,.T.);
#139=FACE_OUTER_BOUND('',#198,.T.);
#140=FACE_OUTER_BOUND('',#199,.T.);
#141=FACE_OUTER_BOUND('',#200,.T.);
#142=FACE_OUTER_BOUND('',#201,.T.);
#143=FACE_OUTER_BOUND('',#202,.T.);
#144=FACE_OUTER_BOUND('',#203,.T.);
#145=FACE_OUTER_BOUND('',#204,.T.);
#146=FACE_OUTER_BOUND('',#205,.T.);
#147=FACE_OUTER_BOUND('',#206,.T.);
#148=FACE_OUTER_BOUND('',#207,.T.);
#149=FACE_OUTER_BOUND('',#208,.T.);
#150=FACE_OUTER_BOUND('',#218,.T.);
#151=FACE_OUTER_BOUND('',#220,.T.);
#152=FACE_OUTER_BOUND('',#221,.T.);
#153=FACE_OUTER_BOUND('',#223,.T.);
#154=FACE_OUTER_BOUND('',#224,.T.);
#155=FACE_OUTER_BOUND('',#226,.T.);
#156=FACE_OUTER_BOUND('',#227,.T.);
#157=FACE_OUTER_BOUND('',#229,.T.);
#158=FACE_OUTER_BOUND('',#230,.T.);
#159=FACE_OUTER_BOUND('',#232,.T.);
#160=FACE_OUTER_BOUND('',#233,.T.);
#161=FACE_OUTER_BOUND('',#234,.T.);
#162=FACE_OUTER_BOUND('',#235,.T.);
#163=FACE_OUTER_BOUND('',#236,.T.);
#164=FACE_OUTER_BOUND('',#237,.T.);
#165=FACE_OUTER_BOUND('',#238,.T.);
#166=FACE_OUTER_BOUND('',#239,.T.);
#167=FACE_OUTER_BOUND('',#240,.T.);
#168=FACE_OUTER_BOUND('',#241,.T.);
#169=FACE_OUTER_BOUND('',#242,.T.);
#170=FACE_OUTER_BOUND('',#243,.T.);
#171=EDGE_LOOP('',(#703,#704,#705,#706));
#172=EDGE_LOOP('',(#707,#708,#709,#710));
#173=EDGE_LOOP('',(#711,#712,#713,#714));
#174=EDGE_LOOP('',(#715,#716,#717,#718));
#175=EDGE_LOOP('',(#719,#720,#721,#722));
#176=EDGE_LOOP('',(#723,#724,#725,#726));
#177=EDGE_LOOP('',(#727,#728,#729,#730));
#178=EDGE_LOOP('',(#731,#732,#733,#734));
#179=EDGE_LOOP('',(#735,#736,#737,#738));
#180=EDGE_LOOP('',(#739,#740,#741,#742));
#181=EDGE_LOOP('',(#743,#744,#745,#746));
#182=EDGE_LOOP('',(#747,#748,#749,#750));
#183=EDGE_LOOP('',(#751,#752,#753,#754));
#184=EDGE_LOOP('',(#755,#756,#757,#758));
#185=EDGE_LOOP('',(#759,#760,#761,#762));
#186=EDGE_LOOP('',(#763,#764,#765,#766));
#187=EDGE_LOOP('',(#767,#768,#769,#770));
#188=EDGE_LOOP('',(#771,#772,#773,#774));
#189=EDGE_LOOP('',(#775,#776,#777,#778));
#190=EDGE_LOOP('',(#779,#780,#781,#782));
#191=EDGE_LOOP('',(#783,#784,#785,#786));
#192=EDGE_LOOP('',(#787,#788,#789,#790));
#193=EDGE_LOOP('',(#791,#792,#793,#794,#795,#796,#797,#798,#799,#800,#801,
#802,#803,#804,#805,#806,#807,#808,#809,#810,#811,#812));
#194=EDGE_LOOP('',(#813,#814,#815,#816));
#195=EDGE_LOOP('',(#817,#818,#819,#820));
#196=EDGE_LOOP('',(#821,#822,#823,#824));
#197=EDGE_LOOP('',(#825,#826,#827,#828));
#198=EDGE_LOOP('',(#829,#830,#831,#832));
#199=EDGE_LOOP('',(#833,#834,#835,#836));
#200=EDGE_LOOP('',(#837,#838,#839,#840));
#201=EDGE_LOOP('',(#841,#842,#843,#844));
#202=EDGE_LOOP('',(#845,#846,#847,#848));
#203=EDGE_LOOP('',(#849,#850,#851,#852,#853,#854,#855,#856,#857));
#204=EDGE_LOOP('',(#858,#859,#860,#861));
#205=EDGE_LOOP('',(#862,#863,#864,#865));
#206=EDGE_LOOP('',(#866,#867,#868,#869));
#207=EDGE_LOOP('',(#870,#871,#872,#873));
#208=EDGE_LOOP('',(#874,#875,#876,#877));
#209=EDGE_LOOP('',(#878));
#210=EDGE_LOOP('',(#879));
#211=EDGE_LOOP('',(#880));
#212=EDGE_LOOP('',(#881));
#213=EDGE_LOOP('',(#882));
#214=EDGE_LOOP('',(#883));
#215=EDGE_LOOP('',(#884));
#216=EDGE_LOOP('',(#885));
#217=EDGE_LOOP('',(#886));
#218=EDGE_LOOP('',(#887));
#219=EDGE_LOOP('',(#888));
#220=EDGE_LOOP('',(#889,#890,#891,#892));
#221=EDGE_LOOP('',(#893));
#222=EDGE_LOOP('',(#894));
#223=EDGE_LOOP('',(#895,#896,#897,#898));
#224=EDGE_LOOP('',(#899));
#225=EDGE_LOOP('',(#900));
#226=EDGE_LOOP('',(#901,#902,#903,#904));
#227=EDGE_LOOP('',(#905));
#228=EDGE_LOOP('',(#906));
#229=EDGE_LOOP('',(#907,#908,#909,#910));
#230=EDGE_LOOP('',(#911));
#231=EDGE_LOOP('',(#912));
#232=EDGE_LOOP('',(#913,#914,#915,#916));
#233=EDGE_LOOP('',(#917,#918,#919,#920));
#234=EDGE_LOOP('',(#921,#922,#923,#924));
#235=EDGE_LOOP('',(#925,#926,#927,#928));
#236=EDGE_LOOP('',(#929,#930,#931,#932));
#237=EDGE_LOOP('',(#933,#934,#935,#936));
#238=EDGE_LOOP('',(#937,#938,#939,#940));
#239=EDGE_LOOP('',(#941,#942,#943,#944));
#240=EDGE_LOOP('',(#945,#946,#947,#948));
#241=EDGE_LOOP('',(#949,#950,#951,#952));
#242=EDGE_LOOP('',(#953,#954,#955,#956));
#243=EDGE_LOOP('',(#957,#958,#959,#960));
#244=EDGE_LOOP('',(#961,#962,#963,#964,#965,#966,#967,#968,#969,#970,#971,
#972,#973,#974,#975,#976,#977,#978,#979,#980,#981,#982));
#245=EDGE_LOOP('',(#983,#984,#985,#986,#987,#988,#989,#990,#991));
#246=EDGE_LOOP('',(#992));
#247=EDGE_LOOP('',(#993));
#248=EDGE_LOOP('',(#994));
#249=EDGE_LOOP('',(#995));
#250=EDGE_LOOP('',(#996));
#251=EDGE_LOOP('',(#997));
#252=EDGE_LOOP('',(#998));
#253=EDGE_LOOP('',(#999));
#254=EDGE_LOOP('',(#1000));
#255=LINE('',#1394,#335);
#256=LINE('',#1401,#336);
#257=LINE('',#1419,#337);
#258=LINE('',#1442,#338);
#259=LINE('',#1465,#339);
#260=LINE('',#1488,#340);
#261=LINE('',#1511,#341);
#262=LINE('',#1534,#342);
#263=LINE('',#1557,#343);
#264=LINE('',#1580,#344);
#265=LINE('',#1588,#345);
#266=LINE('',#1590,#346);
#267=LINE('',#1591,#347);
#268=LINE('',#1609,#348);
#269=LINE('',#1632,#349);
#270=LINE('',#1655,#350);
#271=LINE('',#1678,#351);
#272=LINE('',#1701,#352);
#273=LINE('',#1724,#353);
#274=LINE('',#1747,#354);
#275=LINE('',#1770,#355);
#276=LINE('',#1793,#356);
#277=LINE('',#1801,#357);
#278=LINE('',#1803,#358);
#279=LINE('',#1804,#359);
#280=LINE('',#1807,#360);
#281=LINE('',#1809,#361);
#282=LINE('',#1810,#362);
#283=LINE('',#1812,#363);
#284=LINE('',#1813,#364);
#285=LINE('',#1818,#365);
#286=LINE('',#1820,#366);
#287=LINE('',#1822,#367);
#288=LINE('',#1823,#368);
#289=LINE('',#1826,#369);
#290=LINE('',#1828,#370);
#291=LINE('',#1829,#371);
#292=LINE('',#1832,#372);
#293=LINE('',#1834,#373);
#294=LINE('',#1835,#374);
#295=LINE('',#1853,#375);
#296=LINE('',#1876,#376);
#297=LINE('',#1884,#377);
#298=LINE('',#1886,#378);
#299=LINE('',#1887,#379);
#300=LINE('',#1890,#380);
#301=LINE('',#1892,#381);
#302=LINE('',#1893,#382);
#303=LINE('',#1896,#383);
#304=LINE('',#1898,#384);
#305=LINE('',#1899,#385);
#306=LINE('',#1901,#386);
#307=LINE('',#1902,#387);
#308=LINE('',#1908,#388);
#309=LINE('',#1914,#389);
#310=LINE('',#1920,#390);
#311=LINE('',#1924,#391);
#312=LINE('',#1929,#392);
#313=LINE('',#1931,#393);
#314=LINE('',#1933,#394);
#315=LINE('',#1934,#395);
#316=LINE('',#1954,#396);
#317=LINE('',#1963,#397);
#318=LINE('',#1972,#398);
#319=LINE('',#1981,#399);
#320=LINE('',#1987,#400);
#321=LINE('',#1989,#401);
#322=LINE('',#1991,#402);
#323=LINE('',#1993,#403);
#324=LINE('',#1997,#404);
#325=LINE('',#2001,#405);
#326=LINE('',#2005,#406);
#327=LINE('',#2008,#407);
#328=LINE('',#2010,#408);
#329=LINE('',#2011,#409);
#330=LINE('',#2014,#410);
#331=LINE('',#2015,#411);
#332=LINE('',#2018,#412);
#333=LINE('',#2019,#413);
#334=LINE('',#2021,#414);
#335=VECTOR('',#1156,10.);
#336=VECTOR('',#1157,10.);
#337=VECTOR('',#1158,10.);
#338=VECTOR('',#1159,10.);
#339=VECTOR('',#1160,10.);
#340=VECTOR('',#1161,10.);
#341=VECTOR('',#1162,10.);
#342=VECTOR('',#1163,10.);
#343=VECTOR('',#1164,10.);
#344=VECTOR('',#1165,10.);
#345=VECTOR('',#1168,10.);
#346=VECTOR('',#1169,10.);
#347=VECTOR('',#1170,10.);
#348=VECTOR('',#1171,10.);
#349=VECTOR('',#1172,10.);
#350=VECTOR('',#1173,10.);
#351=VECTOR('',#1174,10.);
#352=VECTOR('',#1175,10.);
#353=VECTOR('',#1176,10.);
#354=VECTOR('',#1177,10.);
#355=VECTOR('',#1178,10.);
#356=VECTOR('',#1179,10.);
#357=VECTOR('',#1182,10.);
#358=VECTOR('',#1183,10.);
#359=VECTOR('',#1184,10.);
#360=VECTOR('',#1187,10.);
#361=VECTOR('',#1188,10.);
#362=VECTOR('',#1189,10.);
#363=VECTOR('',#1192,10.);
#364=VECTOR('',#1193,10.);
#365=VECTOR('',#1198,10.);
#366=VECTOR('',#1199,10.);
#367=VECTOR('',#1200,10.);
#368=VECTOR('',#1201,10.);
#369=VECTOR('',#1204,10.);
#370=VECTOR('',#1205,10.);
#371=VECTOR('',#1206,10.);
#372=VECTOR('',#1209,10.);
#373=VECTOR('',#1210,10.);
#374=VECTOR('',#1211,10.);
#375=VECTOR('',#1212,10.);
#376=VECTOR('',#1213,10.);
#377=VECTOR('',#1216,10.);
#378=VECTOR('',#1217,10.);
#379=VECTOR('',#1218,10.);
#380=VECTOR('',#1221,10.);
#381=VECTOR('',#1222,10.);
#382=VECTOR('',#1223,10.);
#383=VECTOR('',#1226,10.);
#384=VECTOR('',#1227,10.);
#385=VECTOR('',#1228,10.);
#386=VECTOR('',#1231,10.);
#387=VECTOR('',#1232,10.);
#388=VECTOR('',#1239,1.8);
#389=VECTOR('',#1246,1.8);
#390=VECTOR('',#1253,3.5);
#391=VECTOR('',#1258,3.);
#392=VECTOR('',#1263,10.);
#393=VECTOR('',#1264,10.);
#394=VECTOR('',#1265,10.);
#395=VECTOR('',#1266,10.);
#396=VECTOR('',#1287,3.65);
#397=VECTOR('',#1298,3.65);
#398=VECTOR('',#1309,3.65);
#399=VECTOR('',#1320,3.15);
#400=VECTOR('',#1329,1.65);
#401=VECTOR('',#1332,1.65);
#402=VECTOR('',#1335,1.65);
#403=VECTOR('',#1338,1.65);
#404=VECTOR('',#1343,8.1);
#405=VECTOR('',#1348,1.65);
#406=VECTOR('',#1353,1.65);
#407=VECTOR('',#1356,10.);
#408=VECTOR('',#1357,10.);
#409=VECTOR('',#1358,10.);
#410=VECTOR('',#1361,10.);
#411=VECTOR('',#1362,10.);
#412=VECTOR('',#1365,10.);
#413=VECTOR('',#1366,10.);
#414=VECTOR('',#1369,10.);
#415=B_SPLINE_CURVE_WITH_KNOTS('',3,(#1388,#1389,#1390,#1391,#1392),
 .UNSPECIFIED.,.F.,.F.,(4,1,4),(0.,0.0219142482883549,0.0422205168779158),
 .UNSPECIFIED.);
#416=B_SPLINE_CURVE_WITH_KNOTS('',3,(#1396,#1397,#1398,#1399,#1400),
 .UNSPECIFIED.,.F.,.F.,(4,1,4),(0.,0.0219142482883549,0.0422205168779158),
 .UNSPECIFIED.);
#417=B_SPLINE_CURVE_WITH_KNOTS('',3,(#1413,#1414,#1415,#1416,#1417),
 .UNSPECIFIED.,.F.,.F.,(4,1,4),(0.,0.0597724310976893,0.0948500679486679),
 .UNSPECIFIED.);
#418=B_SPLINE_CURVE_WITH_KNOTS('',3,(#1420,#1421,#1422,#1423,#1424),
 .UNSPECIFIED.,.F.,.F.,(4,1,4),(0.,0.0597724310976893,0.0948500679486679),
 .UNSPECIFIED.);
#419=B_SPLINE_CURVE_WITH_KNOTS('',3,(#1436,#1437,#1438,#1439,#1440),
 .UNSPECIFIED.,.F.,.F.,(4,1,4),(0.,0.0536902721525541,0.129297990646407),
 .UNSPECIFIED.);
#420=B_SPLINE_CURVE_WITH_KNOTS('',3,(#1443,#1444,#1445,#1446,#1447),
 .UNSPECIFIED.,.F.,.F.,(4,1,4),(0.,0.0536902721525541,0.129297990646407),
 .UNSPECIFIED.);
#421=B_SPLINE_CURVE_WITH_KNOTS('',3,(#1459,#1460,#1461,#1462,#1463),
 .UNSPECIFIED.,.F.,.F.,(4,1,4),(0.,0.0339433127882931,0.0736420598186291),
 .UNSPECIFIED.);
#422=B_SPLINE_CURVE_WITH_KNOTS('',3,(#1466,#1467,#1468,#1469,#1470),
 .UNSPECIFIED.,.F.,.F.,(4,1,4),(0.,0.0339433127882931,0.0736420598186291),
 .UNSPECIFIED.);
#423=B_SPLINE_CURVE_WITH_KNOTS('',3,(#1482,#1483,#1484,#1485,#1486),
 .UNSPECIFIED.,.F.,.F.,(4,1,4),(0.,0.0299157610181046,0.0605775022716554),
 .UNSPECIFIED.);
#424=B_SPLINE_CURVE_WITH_KNOTS('',3,(#1489,#1490,#1491,#1492,#1493),
 .UNSPECIFIED.,.F.,.F.,(4,1,4),(0.,0.0299157610181046,0.0605775022716554),
 .UNSPECIFIED.);
#425=B_SPLINE_CURVE_WITH_KNOTS('',3,(#1505,#1506,#1507,#1508,#1509),
 .UNSPECIFIED.,.F.,.F.,(4,1,4),(0.,0.0546459489506171,0.109879984756764),
 .UNSPECIFIED.);
#426=B_SPLINE_CURVE_WITH_KNOTS('',3,(#1512,#1513,#1514,#1515,#1516),
 .UNSPECIFIED.,.F.,.F.,(4,1,4),(0.,0.0546459489506171,0.109879984756764),
 .UNSPECIFIED.);
#427=B_SPLINE_CURVE_WITH_KNOTS('',3,(#1528,#1529,#1530,#1531,#1532),
 .UNSPECIFIED.,.F.,.F.,(4,1,4),(0.,0.0652285665273666,0.123033706366019),
 .UNSPECIFIED.);
#428=B_SPLINE_CURVE_WITH_KNOTS('',3,(#1535,#1536,#1537,#1538,#1539),
 .UNSPECIFIED.,.F.,.F.,(4,1,4),(0.,0.0652285665273666,0.123033706366019),
 .UNSPECIFIED.);
#429=B_SPLINE_CURVE_WITH_KNOTS('',3,(#1551,#1552,#1553,#1554,#1555),
 .UNSPECIFIED.,.F.,.F.,(4,1,4),(0.,0.0567842715073056,0.121483872386322),
 .UNSPECIFIED.);
#430=B_SPLINE_CURVE_WITH_KNOTS('',3,(#1558,#1559,#1560,#1561,#1562),
 .UNSPECIFIED.,.F.,.F.,(4,1,4),(0.,0.0567842715073056,0.121483872386322),
 .UNSPECIFIED.);
#431=B_SPLINE_CURVE_WITH_KNOTS('',3,(#1574,#1575,#1576,#1577,#1578),
 .UNSPECIFIED.,.F.,.F.,(4,1,4),(0.,0.0640875908464749,0.120417246007828),
 .UNSPECIFIED.);
#432=B_SPLINE_CURVE_WITH_KNOTS('',3,(#1581,#1582,#1583,#1584,#1585),
 .UNSPECIFIED.,.F.,.F.,(4,1,4),(0.,0.0640875908464749,0.120417246007828),
 .UNSPECIFIED.);
#433=B_SPLINE_CURVE_WITH_KNOTS('',3,(#1603,#1604,#1605,#1606,#1607),
 .UNSPECIFIED.,.F.,.F.,(4,1,4),(0.,0.0375179065301811,0.0800335172214914),
 .UNSPECIFIED.);
#434=B_SPLINE_CURVE_WITH_KNOTS('',3,(#1610,#1611,#1612,#1613,#1614),
 .UNSPECIFIED.,.F.,.F.,(4,1,4),(0.,0.0375179065301811,0.0800335172214914),
 .UNSPECIFIED.);
#435=B_SPLINE_CURVE_WITH_KNOTS('',3,(#1626,#1627,#1628,#1629,#1630),
 .UNSPECIFIED.,.F.,.F.,(4,1,4),(0.,0.0404549077685598,0.0773517811853489),
 .UNSPECIFIED.);
#436=B_SPLINE_CURVE_WITH_KNOTS('',3,(#1633,#1634,#1635,#1636,#1637),
 .UNSPECIFIED.,.F.,.F.,(4,1,4),(0.,0.0404549077685598,0.0773517811853489),
 .UNSPECIFIED.);
#437=B_SPLINE_CURVE_WITH_KNOTS('',3,(#1649,#1650,#1651,#1652,#1653),
 .UNSPECIFIED.,.F.,.F.,(4,1,4),(0.,0.0354522325993498,0.07395178350173),
 .UNSPECIFIED.);
#438=B_SPLINE_CURVE_WITH_KNOTS('',3,(#1656,#1657,#1658,#1659,#1660),
 .UNSPECIFIED.,.F.,.F.,(4,1,4),(0.,0.0354522325993498,0.07395178350173),
 .UNSPECIFIED.);
#439=B_SPLINE_CURVE_WITH_KNOTS('',3,(#1672,#1673,#1674,#1675,#1676),
 .UNSPECIFIED.,.F.,.F.,(4,1,4),(0.,0.034264020816123,0.068362629289336),
 .UNSPECIFIED.);
#440=B_SPLINE_CURVE_WITH_KNOTS('',3,(#1679,#1680,#1681,#1682,#1683),
 .UNSPECIFIED.,.F.,.F.,(4,1,4),(0.,0.034264020816123,0.068362629289336),
 .UNSPECIFIED.);
#441=B_SPLINE_CURVE_WITH_KNOTS('',3,(#1695,#1696,#1697,#1698,#1699),
 .UNSPECIFIED.,.F.,.F.,(4,1,4),(0.,0.0436421031627233,0.0802048840968499),
 .UNSPECIFIED.);
#442=B_SPLINE_CURVE_WITH_KNOTS('',3,(#1702,#1703,#1704,#1705,#1706),
 .UNSPECIFIED.,.F.,.F.,(4,1,4),(0.,0.0436421031627233,0.0802048840968499),
 .UNSPECIFIED.);
#443=B_SPLINE_CURVE_WITH_KNOTS('',3,(#1718,#1719,#1720,#1721,#1722),
 .UNSPECIFIED.,.F.,.F.,(4,1,4),(0.,0.090843623770093,0.153043470780679),
 .UNSPECIFIED.);
#444=B_SPLINE_CURVE_WITH_KNOTS('',3,(#1725,#1726,#1727,#1728,#1729),
 .UNSPECIFIED.,.F.,.F.,(4,1,4),(0.,0.090843623770093,0.153043470780679),
 .UNSPECIFIED.);
#445=B_SPLINE_CURVE_WITH_KNOTS('',3,(#1741,#1742,#1743,#1744,#1745),
 .UNSPECIFIED.,.F.,.F.,(4,1,4),(0.,0.0489963214904561,0.11048657095386),
 .UNSPECIFIED.);
#446=B_SPLINE_CURVE_WITH_KNOTS('',3,(#1748,#1749,#1750,#1751,#1752),
 .UNSPECIFIED.,.F.,.F.,(4,1,4),(0.,0.0489963214904561,0.11048657095386),
 .UNSPECIFIED.);
#447=B_SPLINE_CURVE_WITH_KNOTS('',3,(#1764,#1765,#1766,#1767,#1768),
 .UNSPECIFIED.,.F.,.F.,(4,1,4),(0.,0.037313580334763,0.0781176945174824),
 .UNSPECIFIED.);
#448=B_SPLINE_CURVE_WITH_KNOTS('',3,(#1771,#1772,#1773,#1774,#1775),
 .UNSPECIFIED.,.F.,.F.,(4,1,4),(0.,0.037313580334763,0.0781176945174824),
 .UNSPECIFIED.);
#449=B_SPLINE_CURVE_WITH_KNOTS('',3,(#1787,#1788,#1789,#1790,#1791),
 .UNSPECIFIED.,.F.,.F.,(4,1,4),(0.,0.0217910848164856,0.0434483310073029),
 .UNSPECIFIED.);
#450=B_SPLINE_CURVE_WITH_KNOTS('',3,(#1794,#1795,#1796,#1797,#1798),
 .UNSPECIFIED.,.F.,.F.,(4,1,4),(0.,0.0217910848164856,0.0434483310073029),
 .UNSPECIFIED.);
#451=B_SPLINE_CURVE_WITH_KNOTS('',3,(#1847,#1848,#1849,#1850,#1851),
 .UNSPECIFIED.,.F.,.F.,(4,1,4),(0.,0.042803986396035,0.0861943565468211),
 .UNSPECIFIED.);
#452=B_SPLINE_CURVE_WITH_KNOTS('',3,(#1854,#1855,#1856,#1857,#1858),
 .UNSPECIFIED.,.F.,.F.,(4,1,4),(0.,0.042803986396035,0.0861943565468211),
 .UNSPECIFIED.);
#453=B_SPLINE_CURVE_WITH_KNOTS('',3,(#1870,#1871,#1872,#1873,#1874),
 .UNSPECIFIED.,.F.,.F.,(4,1,4),(0.,0.0446795169674325,0.0859800473834325),
 .UNSPECIFIED.);
#454=B_SPLINE_CURVE_WITH_KNOTS('',3,(#1877,#1878,#1879,#1880,#1881),
 .UNSPECIFIED.,.F.,.F.,(4,1,4),(0.,0.0446795169674325,0.0859800473834325),
 .UNSPECIFIED.);
#455=VERTEX_POINT('',#1386);
#456=VERTEX_POINT('',#1387);
#457=VERTEX_POINT('',#1393);
#458=VERTEX_POINT('',#1395);
#459=VERTEX_POINT('',#1412);
#460=VERTEX_POINT('',#1418);
#461=VERTEX_POINT('',#1435);
#462=VERTEX_POINT('',#1441);
#463=VERTEX_POINT('',#1458);
#464=VERTEX_POINT('',#1464);
#465=VERTEX_POINT('',#1481);
#466=VERTEX_POINT('',#1487);
#467=VERTEX_POINT('',#1504);
#468=VERTEX_POINT('',#1510);
#469=VERTEX_POINT('',#1527);
#470=VERTEX_POINT('',#1533);
#471=VERTEX_POINT('',#1550);
#472=VERTEX_POINT('',#1556);
#473=VERTEX_POINT('',#1573);
#474=VERTEX_POINT('',#1579);
#475=VERTEX_POINT('',#1587);
#476=VERTEX_POINT('',#1589);
#477=VERTEX_POINT('',#1602);
#478=VERTEX_POINT('',#1608);
#479=VERTEX_POINT('',#1625);
#480=VERTEX_POINT('',#1631);
#481=VERTEX_POINT('',#1648);
#482=VERTEX_POINT('',#1654);
#483=VERTEX_POINT('',#1671);
#484=VERTEX_POINT('',#1677);
#485=VERTEX_POINT('',#1694);
#486=VERTEX_POINT('',#1700);
#487=VERTEX_POINT('',#1717);
#488=VERTEX_POINT('',#1723);
#489=VERTEX_POINT('',#1740);
#490=VERTEX_POINT('',#1746);
#491=VERTEX_POINT('',#1763);
#492=VERTEX_POINT('',#1769);
#493=VERTEX_POINT('',#1786);
#494=VERTEX_POINT('',#1792);
#495=VERTEX_POINT('',#1800);
#496=VERTEX_POINT('',#1802);
#497=VERTEX_POINT('',#1806);
#498=VERTEX_POINT('',#1808);
#499=VERTEX_POINT('',#1816);
#500=VERTEX_POINT('',#1817);
#501=VERTEX_POINT('',#1819);
#502=VERTEX_POINT('',#1821);
#503=VERTEX_POINT('',#1825);
#504=VERTEX_POINT('',#1827);
#505=VERTEX_POINT('',#1831);
#506=VERTEX_POINT('',#1833);
#507=VERTEX_POINT('',#1846);
#508=VERTEX_POINT('',#1852);
#509=VERTEX_POINT('',#1869);
#510=VERTEX_POINT('',#1875);
#511=VERTEX_POINT('',#1883);
#512=VERTEX_POINT('',#1885);
#513=VERTEX_POINT('',#1889);
#514=VERTEX_POINT('',#1891);
#515=VERTEX_POINT('',#1895);
#516=VERTEX_POINT('',#1897);
#517=VERTEX_POINT('',#1905);
#518=VERTEX_POINT('',#1907);
#519=VERTEX_POINT('',#1911);
#520=VERTEX_POINT('',#1913);
#521=VERTEX_POINT('',#1917);
#522=VERTEX_POINT('',#1919);
#523=VERTEX_POINT('',#1923);
#524=VERTEX_POINT('',#1927);
#525=VERTEX_POINT('',#1928);
#526=VERTEX_POINT('',#1930);
#527=VERTEX_POINT('',#1932);
#528=VERTEX_POINT('',#1935);
#529=VERTEX_POINT('',#1937);
#530=VERTEX_POINT('',#1939);
#531=VERTEX_POINT('',#1941);
#532=VERTEX_POINT('',#1943);
#533=VERTEX_POINT('',#1945);
#534=VERTEX_POINT('',#1948);
#535=VERTEX_POINT('',#1951);
#536=VERTEX_POINT('',#1953);
#537=VERTEX_POINT('',#1957);
#538=VERTEX_POINT('',#1960);
#539=VERTEX_POINT('',#1962);
#540=VERTEX_POINT('',#1966);
#541=VERTEX_POINT('',#1969);
#542=VERTEX_POINT('',#1971);
#543=VERTEX_POINT('',#1975);
#544=VERTEX_POINT('',#1978);
#545=VERTEX_POINT('',#1980);
#546=VERTEX_POINT('',#1984);
#547=VERTEX_POINT('',#1995);
#548=VERTEX_POINT('',#1999);
#549=VERTEX_POINT('',#2003);
#550=VERTEX_POINT('',#2007);
#551=VERTEX_POINT('',#2009);
#552=VERTEX_POINT('',#2013);
#553=VERTEX_POINT('',#2017);
#554=EDGE_CURVE('',#455,#456,#415,.T.);
#555=EDGE_CURVE('',#455,#457,#255,.T.);
#556=EDGE_CURVE('',#457,#458,#416,.T.);
#557=EDGE_CURVE('',#456,#458,#256,.T.);
#558=EDGE_CURVE('',#459,#455,#417,.T.);
#559=EDGE_CURVE('',#459,#460,#257,.T.);
#560=EDGE_CURVE('',#460,#457,#418,.T.);
#561=EDGE_CURVE('',#461,#459,#419,.T.);
#562=EDGE_CURVE('',#461,#462,#258,.T.);
#563=EDGE_CURVE('',#462,#460,#420,.T.);
#564=EDGE_CURVE('',#463,#461,#421,.T.);
#565=EDGE_CURVE('',#463,#464,#259,.T.);
#566=EDGE_CURVE('',#464,#462,#422,.T.);
#567=EDGE_CURVE('',#465,#463,#423,.T.);
#568=EDGE_CURVE('',#465,#466,#260,.T.);
#569=EDGE_CURVE('',#466,#464,#424,.T.);
#570=EDGE_CURVE('',#467,#465,#425,.T.);
#571=EDGE_CURVE('',#467,#468,#261,.T.);
#572=EDGE_CURVE('',#468,#466,#426,.T.);
#573=EDGE_CURVE('',#469,#467,#427,.T.);
#574=EDGE_CURVE('',#469,#470,#262,.T.);
#575=EDGE_CURVE('',#470,#468,#428,.T.);
#576=EDGE_CURVE('',#471,#469,#429,.T.);
#577=EDGE_CURVE('',#471,#472,#263,.T.);
#578=EDGE_CURVE('',#472,#470,#430,.T.);
#579=EDGE_CURVE('',#473,#471,#431,.T.);
#580=EDGE_CURVE('',#473,#474,#264,.T.);
#581=EDGE_CURVE('',#474,#472,#432,.T.);
#582=EDGE_CURVE('',#475,#473,#265,.T.);
#583=EDGE_CURVE('',#475,#476,#266,.T.);
#584=EDGE_CURVE('',#476,#474,#267,.T.);
#585=EDGE_CURVE('',#477,#475,#433,.T.);
#586=EDGE_CURVE('',#477,#478,#268,.T.);
#587=EDGE_CURVE('',#478,#476,#434,.T.);
#588=EDGE_CURVE('',#479,#477,#435,.T.);
#589=EDGE_CURVE('',#479,#480,#269,.T.);
#590=EDGE_CURVE('',#480,#478,#436,.T.);
#591=EDGE_CURVE('',#481,#479,#437,.T.);
#592=EDGE_CURVE('',#481,#482,#270,.T.);
#593=EDGE_CURVE('',#482,#480,#438,.T.);
#594=EDGE_CURVE('',#483,#481,#439,.T.);
#595=EDGE_CURVE('',#483,#484,#271,.T.);
#596=EDGE_CURVE('',#484,#482,#440,.T.);
#597=EDGE_CURVE('',#485,#483,#441,.T.);
#598=EDGE_CURVE('',#485,#486,#272,.T.);
#599=EDGE_CURVE('',#486,#484,#442,.T.);
#600=EDGE_CURVE('',#487,#485,#443,.T.);
#601=EDGE_CURVE('',#487,#488,#273,.T.);
#602=EDGE_CURVE('',#488,#486,#444,.T.);
#603=EDGE_CURVE('',#489,#487,#445,.T.);
#604=EDGE_CURVE('',#489,#490,#274,.T.);
#605=EDGE_CURVE('',#490,#488,#446,.T.);
#606=EDGE_CURVE('',#491,#489,#447,.T.);
#607=EDGE_CURVE('',#491,#492,#275,.T.);
#608=EDGE_CURVE('',#492,#490,#448,.T.);
#609=EDGE_CURVE('',#493,#491,#449,.T.);
#610=EDGE_CURVE('',#493,#494,#276,.T.);
#611=EDGE_CURVE('',#494,#492,#450,.T.);
#612=EDGE_CURVE('',#495,#493,#277,.T.);
#613=EDGE_CURVE('',#495,#496,#278,.T.);
#614=EDGE_CURVE('',#496,#494,#279,.T.);
#615=EDGE_CURVE('',#497,#495,#280,.T.);
#616=EDGE_CURVE('',#497,#498,#281,.T.);
#617=EDGE_CURVE('',#498,#496,#282,.T.);
#618=EDGE_CURVE('',#456,#497,#283,.T.);
#619=EDGE_CURVE('',#458,#498,#284,.T.);
#620=EDGE_CURVE('',#499,#500,#285,.T.);
#621=EDGE_CURVE('',#499,#501,#286,.T.);
#622=EDGE_CURVE('',#501,#502,#287,.T.);
#623=EDGE_CURVE('',#500,#502,#288,.T.);
#624=EDGE_CURVE('',#503,#499,#289,.T.);
#625=EDGE_CURVE('',#503,#504,#290,.T.);
#626=EDGE_CURVE('',#504,#501,#291,.T.);
#627=EDGE_CURVE('',#505,#503,#292,.T.);
#628=EDGE_CURVE('',#505,#506,#293,.T.);
#629=EDGE_CURVE('',#506,#504,#294,.T.);
#630=EDGE_CURVE('',#507,#505,#451,.T.);
#631=EDGE_CURVE('',#507,#508,#295,.T.);
#632=EDGE_CURVE('',#508,#506,#452,.T.);
#633=EDGE_CURVE('',#509,#507,#453,.T.);
#634=EDGE_CURVE('',#509,#510,#296,.T.);
#635=EDGE_CURVE('',#510,#508,#454,.T.);
#636=EDGE_CURVE('',#511,#509,#297,.T.);
#637=EDGE_CURVE('',#511,#512,#298,.T.);
#638=EDGE_CURVE('',#512,#510,#299,.T.);
#639=EDGE_CURVE('',#513,#511,#300,.T.);
#640=EDGE_CURVE('',#513,#514,#301,.T.);
#641=EDGE_CURVE('',#514,#512,#302,.T.);
#642=EDGE_CURVE('',#515,#513,#303,.T.);
#643=EDGE_CURVE('',#515,#516,#304,.T.);
#644=EDGE_CURVE('',#516,#514,#305,.T.);
#645=EDGE_CURVE('',#500,#515,#306,.T.);
#646=EDGE_CURVE('',#502,#516,#307,.T.);
#647=EDGE_CURVE('',#517,#517,#45,.T.);
#648=EDGE_CURVE('',#517,#518,#308,.T.);
#649=EDGE_CURVE('',#518,#518,#46,.T.);
#650=EDGE_CURVE('',#519,#519,#47,.T.);
#651=EDGE_CURVE('',#519,#520,#309,.T.);
#652=EDGE_CURVE('',#520,#520,#48,.T.);
#653=EDGE_CURVE('',#521,#521,#49,.T.);
#654=EDGE_CURVE('',#521,#522,#310,.T.);
#655=EDGE_CURVE('',#522,#522,#50,.T.);
#656=EDGE_CURVE('',#522,#523,#311,.T.);
#657=EDGE_CURVE('',#523,#523,#51,.T.);
#658=EDGE_CURVE('',#524,#525,#312,.T.);
#659=EDGE_CURVE('',#525,#526,#313,.T.);
#660=EDGE_CURVE('',#526,#527,#314,.T.);
#661=EDGE_CURVE('',#527,#524,#315,.T.);
#662=EDGE_CURVE('',#528,#528,#52,.T.);
#663=EDGE_CURVE('',#529,#529,#53,.T.);
#664=EDGE_CURVE('',#530,#530,#54,.T.);
#665=EDGE_CURVE('',#531,#531,#55,.T.);
#666=EDGE_CURVE('',#532,#532,#56,.T.);
#667=EDGE_CURVE('',#533,#533,#57,.T.);
#668=EDGE_CURVE('',#534,#534,#58,.T.);
#669=EDGE_CURVE('',#535,#535,#59,.T.);
#670=EDGE_CURVE('',#535,#536,#316,.T.);
#671=EDGE_CURVE('',#536,#536,#60,.T.);
#672=EDGE_CURVE('',#537,#537,#61,.T.);
#673=EDGE_CURVE('',#538,#538,#62,.T.);
#674=EDGE_CURVE('',#538,#539,#317,.T.);
#675=EDGE_CURVE('',#539,#539,#63,.T.);
#676=EDGE_CURVE('',#540,#540,#64,.T.);
#677=EDGE_CURVE('',#541,#541,#65,.T.);
#678=EDGE_CURVE('',#541,#542,#318,.T.);
#679=EDGE_CURVE('',#542,#542,#66,.T.);
#680=EDGE_CURVE('',#543,#543,#67,.T.);
#681=EDGE_CURVE('',#544,#544,#68,.T.);
#682=EDGE_CURVE('',#544,#545,#319,.T.);
#683=EDGE_CURVE('',#545,#545,#69,.T.);
#684=EDGE_CURVE('',#546,#546,#70,.T.);
#685=EDGE_CURVE('',#543,#533,#320,.T.);
#686=EDGE_CURVE('',#540,#532,#321,.T.);
#687=EDGE_CURVE('',#537,#531,#322,.T.);
#688=EDGE_CURVE('',#546,#530,#323,.T.);
#689=EDGE_CURVE('',#547,#547,#71,.T.);
#690=EDGE_CURVE('',#547,#528,#324,.T.);
#691=EDGE_CURVE('',#548,#548,#72,.T.);
#692=EDGE_CURVE('',#548,#534,#325,.T.);
#693=EDGE_CURVE('',#549,#549,#73,.T.);
#694=EDGE_CURVE('',#549,#529,#326,.T.);
#695=EDGE_CURVE('',#525,#550,#327,.T.);
#696=EDGE_CURVE('',#551,#550,#328,.T.);
#697=EDGE_CURVE('',#526,#551,#329,.T.);
#698=EDGE_CURVE('',#552,#551,#330,.T.);
#699=EDGE_CURVE('',#527,#552,#331,.T.);
#700=EDGE_CURVE('',#553,#552,#332,.T.);
#701=EDGE_CURVE('',#524,#553,#333,.T.);
#702=EDGE_CURVE('',#550,#553,#334,.T.);
#703=ORIENTED_EDGE('',*,*,#554,.F.);
#704=ORIENTED_EDGE('',*,*,#555,.T.);
#705=ORIENTED_EDGE('',*,*,#556,.T.);
#706=ORIENTED_EDGE('',*,*,#557,.F.);
#707=ORIENTED_EDGE('',*,*,#558,.F.);
#708=ORIENTED_EDGE('',*,*,#559,.T.);
#709=ORIENTED_EDGE('',*,*,#560,.T.);
#710=ORIENTED_EDGE('',*,*,#555,.F.);
#711=ORIENTED_EDGE('',*,*,#561,.F.);
#712=ORIENTED_EDGE('',*,*,#562,.T.);
#713=ORIENTED_EDGE('',*,*,#563,.T.);
#714=ORIENTED_EDGE('',*,*,#559,.F.);
#715=ORIENTED_EDGE('',*,*,#564,.F.);
#716=ORIENTED_EDGE('',*,*,#565,.T.);
#717=ORIENTED_EDGE('',*,*,#566,.T.);
#718=ORIENTED_EDGE('',*,*,#562,.F.);
#719=ORIENTED_EDGE('',*,*,#567,.F.);
#720=ORIENTED_EDGE('',*,*,#568,.T.);
#721=ORIENTED_EDGE('',*,*,#569,.T.);
#722=ORIENTED_EDGE('',*,*,#565,.F.);
#723=ORIENTED_EDGE('',*,*,#570,.F.);
#724=ORIENTED_EDGE('',*,*,#571,.T.);
#725=ORIENTED_EDGE('',*,*,#572,.T.);
#726=ORIENTED_EDGE('',*,*,#568,.F.);
#727=ORIENTED_EDGE('',*,*,#573,.F.);
#728=ORIENTED_EDGE('',*,*,#574,.T.);
#729=ORIENTED_EDGE('',*,*,#575,.T.);
#730=ORIENTED_EDGE('',*,*,#571,.F.);
#731=ORIENTED_EDGE('',*,*,#576,.F.);
#732=ORIENTED_EDGE('',*,*,#577,.T.);
#733=ORIENTED_EDGE('',*,*,#578,.T.);
#734=ORIENTED_EDGE('',*,*,#574,.F.);
#735=ORIENTED_EDGE('',*,*,#579,.F.);
#736=ORIENTED_EDGE('',*,*,#580,.T.);
#737=ORIENTED_EDGE('',*,*,#581,.T.);
#738=ORIENTED_EDGE('',*,*,#577,.F.);
#739=ORIENTED_EDGE('',*,*,#582,.F.);
#740=ORIENTED_EDGE('',*,*,#583,.T.);
#741=ORIENTED_EDGE('',*,*,#584,.T.);
#742=ORIENTED_EDGE('',*,*,#580,.F.);
#743=ORIENTED_EDGE('',*,*,#585,.F.);
#744=ORIENTED_EDGE('',*,*,#586,.T.);
#745=ORIENTED_EDGE('',*,*,#587,.T.);
#746=ORIENTED_EDGE('',*,*,#583,.F.);
#747=ORIENTED_EDGE('',*,*,#588,.F.);
#748=ORIENTED_EDGE('',*,*,#589,.T.);
#749=ORIENTED_EDGE('',*,*,#590,.T.);
#750=ORIENTED_EDGE('',*,*,#586,.F.);
#751=ORIENTED_EDGE('',*,*,#591,.F.);
#752=ORIENTED_EDGE('',*,*,#592,.T.);
#753=ORIENTED_EDGE('',*,*,#593,.T.);
#754=ORIENTED_EDGE('',*,*,#589,.F.);
#755=ORIENTED_EDGE('',*,*,#594,.F.);
#756=ORIENTED_EDGE('',*,*,#595,.T.);
#757=ORIENTED_EDGE('',*,*,#596,.T.);
#758=ORIENTED_EDGE('',*,*,#592,.F.);
#759=ORIENTED_EDGE('',*,*,#597,.F.);
#760=ORIENTED_EDGE('',*,*,#598,.T.);
#761=ORIENTED_EDGE('',*,*,#599,.T.);
#762=ORIENTED_EDGE('',*,*,#595,.F.);
#763=ORIENTED_EDGE('',*,*,#600,.F.);
#764=ORIENTED_EDGE('',*,*,#601,.T.);
#765=ORIENTED_EDGE('',*,*,#602,.T.);
#766=ORIENTED_EDGE('',*,*,#598,.F.);
#767=ORIENTED_EDGE('',*,*,#603,.F.);
#768=ORIENTED_EDGE('',*,*,#604,.T.);
#769=ORIENTED_EDGE('',*,*,#605,.T.);
#770=ORIENTED_EDGE('',*,*,#601,.F.);
#771=ORIENTED_EDGE('',*,*,#606,.F.);
#772=ORIENTED_EDGE('',*,*,#607,.T.);
#773=ORIENTED_EDGE('',*,*,#608,.T.);
#774=ORIENTED_EDGE('',*,*,#604,.F.);
#775=ORIENTED_EDGE('',*,*,#609,.F.);
#776=ORIENTED_EDGE('',*,*,#610,.T.);
#777=ORIENTED_EDGE('',*,*,#611,.T.);
#778=ORIENTED_EDGE('',*,*,#607,.F.);
#779=ORIENTED_EDGE('',*,*,#612,.F.);
#780=ORIENTED_EDGE('',*,*,#613,.T.);
#781=ORIENTED_EDGE('',*,*,#614,.T.);
#782=ORIENTED_EDGE('',*,*,#610,.F.);
#783=ORIENTED_EDGE('',*,*,#615,.F.);
#784=ORIENTED_EDGE('',*,*,#616,.T.);
#785=ORIENTED_EDGE('',*,*,#617,.T.);
#786=ORIENTED_EDGE('',*,*,#613,.F.);
#787=ORIENTED_EDGE('',*,*,#618,.F.);
#788=ORIENTED_EDGE('',*,*,#557,.T.);
#789=ORIENTED_EDGE('',*,*,#619,.T.);
#790=ORIENTED_EDGE('',*,*,#616,.F.);
#791=ORIENTED_EDGE('',*,*,#619,.F.);
#792=ORIENTED_EDGE('',*,*,#556,.F.);
#793=ORIENTED_EDGE('',*,*,#560,.F.);
#794=ORIENTED_EDGE('',*,*,#563,.F.);
#795=ORIENTED_EDGE('',*,*,#566,.F.);
#796=ORIENTED_EDGE('',*,*,#569,.F.);
#797=ORIENTED_EDGE('',*,*,#572,.F.);
#798=ORIENTED_EDGE('',*,*,#575,.F.);
#799=ORIENTED_EDGE('',*,*,#578,.F.);
#800=ORIENTED_EDGE('',*,*,#581,.F.);
#801=ORIENTED_EDGE('',*,*,#584,.F.);
#802=ORIENTED_EDGE('',*,*,#587,.F.);
#803=ORIENTED_EDGE('',*,*,#590,.F.);
#804=ORIENTED_EDGE('',*,*,#593,.F.);
#805=ORIENTED_EDGE('',*,*,#596,.F.);
#806=ORIENTED_EDGE('',*,*,#599,.F.);
#807=ORIENTED_EDGE('',*,*,#602,.F.);
#808=ORIENTED_EDGE('',*,*,#605,.F.);
#809=ORIENTED_EDGE('',*,*,#608,.F.);
#810=ORIENTED_EDGE('',*,*,#611,.F.);
#811=ORIENTED_EDGE('',*,*,#614,.F.);
#812=ORIENTED_EDGE('',*,*,#617,.F.);
#813=ORIENTED_EDGE('',*,*,#620,.F.);
#814=ORIENTED_EDGE('',*,*,#621,.T.);
#815=ORIENTED_EDGE('',*,*,#622,.T.);
#816=ORIENTED_EDGE('',*,*,#623,.F.);
#817=ORIENTED_EDGE('',*,*,#624,.F.);
#818=ORIENTED_EDGE('',*,*,#625,.T.);
#819=ORIENTED_EDGE('',*,*,#626,.T.);
#820=ORIENTED_EDGE('',*,*,#621,.F.);
#821=ORIENTED_EDGE('',*,*,#627,.F.);
#822=ORIENTED_EDGE('',*,*,#628,.T.);
#823=ORIENTED_EDGE('',*,*,#629,.T.);
#824=ORIENTED_EDGE('',*,*,#625,.F.);
#825=ORIENTED_EDGE('',*,*,#630,.F.);
#826=ORIENTED_EDGE('',*,*,#631,.T.);
#827=ORIENTED_EDGE('',*,*,#632,.T.);
#828=ORIENTED_EDGE('',*,*,#628,.F.);
#829=ORIENTED_EDGE('',*,*,#633,.F.);
#830=ORIENTED_EDGE('',*,*,#634,.T.);
#831=ORIENTED_EDGE('',*,*,#635,.T.);
#832=ORIENTED_EDGE('',*,*,#631,.F.);
#833=ORIENTED_EDGE('',*,*,#636,.F.);
#834=ORIENTED_EDGE('',*,*,#637,.T.);
#835=ORIENTED_EDGE('',*,*,#638,.T.);
#836=ORIENTED_EDGE('',*,*,#634,.F.);
#837=ORIENTED_EDGE('',*,*,#639,.F.);
#838=ORIENTED_EDGE('',*,*,#640,.T.);
#839=ORIENTED_EDGE('',*,*,#641,.T.);
#840=ORIENTED_EDGE('',*,*,#637,.F.);
#841=ORIENTED_EDGE('',*,*,#642,.F.);
#842=ORIENTED_EDGE('',*,*,#643,.T.);
#843=ORIENTED_EDGE('',*,*,#644,.T.);
#844=ORIENTED_EDGE('',*,*,#640,.F.);
#845=ORIENTED_EDGE('',*,*,#645,.F.);
#846=ORIENTED_EDGE('',*,*,#623,.T.);
#847=ORIENTED_EDGE('',*,*,#646,.T.);
#848=ORIENTED_EDGE('',*,*,#643,.F.);
#849=ORIENTED_EDGE('',*,*,#646,.F.);
#850=ORIENTED_EDGE('',*,*,#622,.F.);
#851=ORIENTED_EDGE('',*,*,#626,.F.);
#852=ORIENTED_EDGE('',*,*,#629,.F.);
#853=ORIENTED_EDGE('',*,*,#632,.F.);
#854=ORIENTED_EDGE('',*,*,#635,.F.);
#855=ORIENTED_EDGE('',*,*,#638,.F.);
#856=ORIENTED_EDGE('',*,*,#641,.F.);
#857=ORIENTED_EDGE('',*,*,#644,.F.);
#858=ORIENTED_EDGE('',*,*,#647,.F.);
#859=ORIENTED_EDGE('',*,*,#648,.T.);
#860=ORIENTED_EDGE('',*,*,#649,.F.);
#861=ORIENTED_EDGE('',*,*,#648,.F.);
#862=ORIENTED_EDGE('',*,*,#650,.F.);
#863=ORIENTED_EDGE('',*,*,#651,.T.);
#864=ORIENTED_EDGE('',*,*,#652,.F.);
#865=ORIENTED_EDGE('',*,*,#651,.F.);
#866=ORIENTED_EDGE('',*,*,#653,.T.);
#867=ORIENTED_EDGE('',*,*,#654,.T.);
#868=ORIENTED_EDGE('',*,*,#655,.T.);
#869=ORIENTED_EDGE('',*,*,#654,.F.);
#870=ORIENTED_EDGE('',*,*,#655,.F.);
#871=ORIENTED_EDGE('',*,*,#656,.T.);
#872=ORIENTED_EDGE('',*,*,#657,.T.);
#873=ORIENTED_EDGE('',*,*,#656,.F.);
#874=ORIENTED_EDGE('',*,*,#658,.T.);
#875=ORIENTED_EDGE('',*,*,#659,.T.);
#876=ORIENTED_EDGE('',*,*,#660,.T.);
#877=ORIENTED_EDGE('',*,*,#661,.T.);
#878=ORIENTED_EDGE('',*,*,#647,.T.);
#879=ORIENTED_EDGE('',*,*,#650,.T.);
#880=ORIENTED_EDGE('',*,*,#662,.F.);
#881=ORIENTED_EDGE('',*,*,#663,.F.);
#882=ORIENTED_EDGE('',*,*,#664,.T.);
#883=ORIENTED_EDGE('',*,*,#665,.T.);
#884=ORIENTED_EDGE('',*,*,#666,.T.);
#885=ORIENTED_EDGE('',*,*,#667,.T.);
#886=ORIENTED_EDGE('',*,*,#653,.F.);
#887=ORIENTED_EDGE('',*,*,#657,.F.);
#888=ORIENTED_EDGE('',*,*,#668,.F.);
#889=ORIENTED_EDGE('',*,*,#669,.F.);
#890=ORIENTED_EDGE('',*,*,#670,.T.);
#891=ORIENTED_EDGE('',*,*,#671,.T.);
#892=ORIENTED_EDGE('',*,*,#670,.F.);
#893=ORIENTED_EDGE('',*,*,#671,.F.);
#894=ORIENTED_EDGE('',*,*,#672,.F.);
#895=ORIENTED_EDGE('',*,*,#673,.F.);
#896=ORIENTED_EDGE('',*,*,#674,.T.);
#897=ORIENTED_EDGE('',*,*,#675,.T.);
#898=ORIENTED_EDGE('',*,*,#674,.F.);
#899=ORIENTED_EDGE('',*,*,#675,.F.);
#900=ORIENTED_EDGE('',*,*,#676,.F.);
#901=ORIENTED_EDGE('',*,*,#677,.F.);
#902=ORIENTED_EDGE('',*,*,#678,.T.);
#903=ORIENTED_EDGE('',*,*,#679,.T.);
#904=ORIENTED_EDGE('',*,*,#678,.F.);
#905=ORIENTED_EDGE('',*,*,#679,.F.);
#906=ORIENTED_EDGE('',*,*,#680,.F.);
#907=ORIENTED_EDGE('',*,*,#681,.F.);
#908=ORIENTED_EDGE('',*,*,#682,.T.);
#909=ORIENTED_EDGE('',*,*,#683,.T.);
#910=ORIENTED_EDGE('',*,*,#682,.F.);
#911=ORIENTED_EDGE('',*,*,#683,.F.);
#912=ORIENTED_EDGE('',*,*,#684,.F.);
#913=ORIENTED_EDGE('',*,*,#680,.T.);
#914=ORIENTED_EDGE('',*,*,#685,.T.);
#915=ORIENTED_EDGE('',*,*,#667,.F.);
#916=ORIENTED_EDGE('',*,*,#685,.F.);
#917=ORIENTED_EDGE('',*,*,#676,.T.);
#918=ORIENTED_EDGE('',*,*,#686,.T.);
#919=ORIENTED_EDGE('',*,*,#666,.F.);
#920=ORIENTED_EDGE('',*,*,#686,.F.);
#921=ORIENTED_EDGE('',*,*,#672,.T.);
#922=ORIENTED_EDGE('',*,*,#687,.T.);
#923=ORIENTED_EDGE('',*,*,#665,.F.);
#924=ORIENTED_EDGE('',*,*,#687,.F.);
#925=ORIENTED_EDGE('',*,*,#684,.T.);
#926=ORIENTED_EDGE('',*,*,#688,.T.);
#927=ORIENTED_EDGE('',*,*,#664,.F.);
#928=ORIENTED_EDGE('',*,*,#688,.F.);
#929=ORIENTED_EDGE('',*,*,#689,.F.);
#930=ORIENTED_EDGE('',*,*,#690,.T.);
#931=ORIENTED_EDGE('',*,*,#662,.T.);
#932=ORIENTED_EDGE('',*,*,#690,.F.);
#933=ORIENTED_EDGE('',*,*,#691,.F.);
#934=ORIENTED_EDGE('',*,*,#692,.T.);
#935=ORIENTED_EDGE('',*,*,#668,.T.);
#936=ORIENTED_EDGE('',*,*,#692,.F.);
#937=ORIENTED_EDGE('',*,*,#693,.F.);
#938=ORIENTED_EDGE('',*,*,#694,.T.);
#939=ORIENTED_EDGE('',*,*,#663,.T.);
#940=ORIENTED_EDGE('',*,*,#694,.F.);
#941=ORIENTED_EDGE('',*,*,#659,.F.);
#942=ORIENTED_EDGE('',*,*,#695,.T.);
#943=ORIENTED_EDGE('',*,*,#696,.F.);
#944=ORIENTED_EDGE('',*,*,#697,.F.);
#945=ORIENTED_EDGE('',*,*,#660,.F.);
#946=ORIENTED_EDGE('',*,*,#697,.T.);
#947=ORIENTED_EDGE('',*,*,#698,.F.);
#948=ORIENTED_EDGE('',*,*,#699,.F.);
#949=ORIENTED_EDGE('',*,*,#661,.F.);
#950=ORIENTED_EDGE('',*,*,#699,.T.);
#951=ORIENTED_EDGE('',*,*,#700,.F.);
#952=ORIENTED_EDGE('',*,*,#701,.F.);
#953=ORIENTED_EDGE('',*,*,#658,.F.);
#954=ORIENTED_EDGE('',*,*,#701,.T.);
#955=ORIENTED_EDGE('',*,*,#702,.F.);
#956=ORIENTED_EDGE('',*,*,#695,.F.);
#957=ORIENTED_EDGE('',*,*,#702,.T.);
#958=ORIENTED_EDGE('',*,*,#700,.T.);
#959=ORIENTED_EDGE('',*,*,#698,.T.);
#960=ORIENTED_EDGE('',*,*,#696,.T.);
#961=ORIENTED_EDGE('',*,*,#554,.T.);
#962=ORIENTED_EDGE('',*,*,#618,.T.);
#963=ORIENTED_EDGE('',*,*,#615,.T.);
#964=ORIENTED_EDGE('',*,*,#612,.T.);
#965=ORIENTED_EDGE('',*,*,#609,.T.);
#966=ORIENTED_EDGE('',*,*,#606,.T.);
#967=ORIENTED_EDGE('',*,*,#603,.T.);
#968=ORIENTED_EDGE('',*,*,#600,.T.);
#969=ORIENTED_EDGE('',*,*,#597,.T.);
#970=ORIENTED_EDGE('',*,*,#594,.T.);
#971=ORIENTED_EDGE('',*,*,#591,.T.);
#972=ORIENTED_EDGE('',*,*,#588,.T.);
#973=ORIENTED_EDGE('',*,*,#585,.T.);
#974=ORIENTED_EDGE('',*,*,#582,.T.);
#975=ORIENTED_EDGE('',*,*,#579,.T.);
#976=ORIENTED_EDGE('',*,*,#576,.T.);
#977=ORIENTED_EDGE('',*,*,#573,.T.);
#978=ORIENTED_EDGE('',*,*,#570,.T.);
#979=ORIENTED_EDGE('',*,*,#567,.T.);
#980=ORIENTED_EDGE('',*,*,#564,.T.);
#981=ORIENTED_EDGE('',*,*,#561,.T.);
#982=ORIENTED_EDGE('',*,*,#558,.T.);
#983=ORIENTED_EDGE('',*,*,#620,.T.);
#984=ORIENTED_EDGE('',*,*,#645,.T.);
#985=ORIENTED_EDGE('',*,*,#642,.T.);
#986=ORIENTED_EDGE('',*,*,#639,.T.);
#987=ORIENTED_EDGE('',*,*,#636,.T.);
#988=ORIENTED_EDGE('',*,*,#633,.T.);
#989=ORIENTED_EDGE('',*,*,#630,.T.);
#990=ORIENTED_EDGE('',*,*,#627,.T.);
#991=ORIENTED_EDGE('',*,*,#624,.T.);
#992=ORIENTED_EDGE('',*,*,#649,.T.);
#993=ORIENTED_EDGE('',*,*,#652,.T.);
#994=ORIENTED_EDGE('',*,*,#669,.T.);
#995=ORIENTED_EDGE('',*,*,#673,.T.);
#996=ORIENTED_EDGE('',*,*,#677,.T.);
#997=ORIENTED_EDGE('',*,*,#681,.T.);
#998=ORIENTED_EDGE('',*,*,#693,.T.);
#999=ORIENTED_EDGE('',*,*,#691,.T.);
#1000=ORIENTED_EDGE('',*,*,#689,.T.);
#1001=B_SPLINE_SURFACE_WITH_KNOTS('',3,1,((#1376,#1377),(#1378,#1379),(#1380,
#1381),(#1382,#1383),(#1384,#1385)),.UNSPECIFIED.,.F.,.F.,.F.,(4,1,4),(2,
2),(0.,0.0219142482883549,0.0422205168779158),(0.,0.1),.UNSPECIFIED.);
#1002=B_SPLINE_SURFACE_WITH_KNOTS('',3,1,((#1402,#1403),(#1404,#1405),(#1406,
#1407),(#1408,#1409),(#1410,#1411)),.UNSPECIFIED.,.F.,.F.,.F.,(4,1,4),(2,
2),(0.,0.0597724310976893,0.0948500679486679),(0.,0.1),.UNSPECIFIED.);
#1003=B_SPLINE_SURFACE_WITH_KNOTS('',3,1,((#1425,#1426),(#1427,#1428),(#1429,
#1430),(#1431,#1432),(#1433,#1434)),.UNSPECIFIED.,.F.,.F.,.F.,(4,1,4),(2,
2),(0.,0.0536902721525541,0.129297990646407),(0.,0.1),.UNSPECIFIED.);
#1004=B_SPLINE_SURFACE_WITH_KNOTS('',3,1,((#1448,#1449),(#1450,#1451),(#1452,
#1453),(#1454,#1455),(#1456,#1457)),.UNSPECIFIED.,.F.,.F.,.F.,(4,1,4),(2,
2),(0.,0.0339433127882931,0.0736420598186291),(0.,0.1),.UNSPECIFIED.);
#1005=B_SPLINE_SURFACE_WITH_KNOTS('',3,1,((#1471,#1472),(#1473,#1474),(#1475,
#1476),(#1477,#1478),(#1479,#1480)),.UNSPECIFIED.,.F.,.F.,.F.,(4,1,4),(2,
2),(0.,0.0299157610181046,0.0605775022716554),(0.,0.1),.UNSPECIFIED.);
#1006=B_SPLINE_SURFACE_WITH_KNOTS('',3,1,((#1494,#1495),(#1496,#1497),(#1498,
#1499),(#1500,#1501),(#1502,#1503)),.UNSPECIFIED.,.F.,.F.,.F.,(4,1,4),(2,
2),(0.,0.0546459489506171,0.109879984756764),(0.,0.1),.UNSPECIFIED.);
#1007=B_SPLINE_SURFACE_WITH_KNOTS('',3,1,((#1517,#1518),(#1519,#1520),(#1521,
#1522),(#1523,#1524),(#1525,#1526)),.UNSPECIFIED.,.F.,.F.,.F.,(4,1,4),(2,
2),(0.,0.0652285665273666,0.123033706366019),(0.,0.1),.UNSPECIFIED.);
#1008=B_SPLINE_SURFACE_WITH_KNOTS('',3,1,((#1540,#1541),(#1542,#1543),(#1544,
#1545),(#1546,#1547),(#1548,#1549)),.UNSPECIFIED.,.F.,.F.,.F.,(4,1,4),(2,
2),(0.,0.0567842715073056,0.121483872386322),(0.,0.1),.UNSPECIFIED.);
#1009=B_SPLINE_SURFACE_WITH_KNOTS('',3,1,((#1563,#1564),(#1565,#1566),(#1567,
#1568),(#1569,#1570),(#1571,#1572)),.UNSPECIFIED.,.F.,.F.,.F.,(4,1,4),(2,
2),(0.,0.0640875908464749,0.120417246007828),(0.,0.1),.UNSPECIFIED.);
#1010=B_SPLINE_SURFACE_WITH_KNOTS('',3,1,((#1592,#1593),(#1594,#1595),(#1596,
#1597),(#1598,#1599),(#1600,#1601)),.UNSPECIFIED.,.F.,.F.,.F.,(4,1,4),(2,
2),(0.,0.0375179065301811,0.0800335172214914),(0.,0.1),.UNSPECIFIED.);
#1011=B_SPLINE_SURFACE_WITH_KNOTS('',3,1,((#1615,#1616),(#1617,#1618),(#1619,
#1620),(#1621,#1622),(#1623,#1624)),.UNSPECIFIED.,.F.,.F.,.F.,(4,1,4),(2,
2),(0.,0.0404549077685598,0.0773517811853489),(0.,0.1),.UNSPECIFIED.);
#1012=B_SPLINE_SURFACE_WITH_KNOTS('',3,1,((#1638,#1639),(#1640,#1641),(#1642,
#1643),(#1644,#1645),(#1646,#1647)),.UNSPECIFIED.,.F.,.F.,.F.,(4,1,4),(2,
2),(0.,0.0354522325993498,0.07395178350173),(0.,0.1),.UNSPECIFIED.);
#1013=B_SPLINE_SURFACE_WITH_KNOTS('',3,1,((#1661,#1662),(#1663,#1664),(#1665,
#1666),(#1667,#1668),(#1669,#1670)),.UNSPECIFIED.,.F.,.F.,.F.,(4,1,4),(2,
2),(0.,0.034264020816123,0.068362629289336),(0.,0.1),.UNSPECIFIED.);
#1014=B_SPLINE_SURFACE_WITH_KNOTS('',3,1,((#1684,#1685),(#1686,#1687),(#1688,
#1689),(#1690,#1691),(#1692,#1693)),.UNSPECIFIED.,.F.,.F.,.F.,(4,1,4),(2,
2),(0.,0.0436421031627233,0.0802048840968499),(0.,0.1),.UNSPECIFIED.);
#1015=B_SPLINE_SURFACE_WITH_KNOTS('',3,1,((#1707,#1708),(#1709,#1710),(#1711,
#1712),(#1713,#1714),(#1715,#1716)),.UNSPECIFIED.,.F.,.F.,.F.,(4,1,4),(2,
2),(0.,0.090843623770093,0.153043470780679),(0.,0.1),.UNSPECIFIED.);
#1016=B_SPLINE_SURFACE_WITH_KNOTS('',3,1,((#1730,#1731),(#1732,#1733),(#1734,
#1735),(#1736,#1737),(#1738,#1739)),.UNSPECIFIED.,.F.,.F.,.F.,(4,1,4),(2,
2),(0.,0.0489963214904561,0.11048657095386),(0.,0.1),.UNSPECIFIED.);
#1017=B_SPLINE_SURFACE_WITH_KNOTS('',3,1,((#1753,#1754),(#1755,#1756),(#1757,
#1758),(#1759,#1760),(#1761,#1762)),.UNSPECIFIED.,.F.,.F.,.F.,(4,1,4),(2,
2),(0.,0.037313580334763,0.0781176945174824),(0.,0.1),.UNSPECIFIED.);
#1018=B_SPLINE_SURFACE_WITH_KNOTS('',3,1,((#1776,#1777),(#1778,#1779),(#1780,
#1781),(#1782,#1783),(#1784,#1785)),.UNSPECIFIED.,.F.,.F.,.F.,(4,1,4),(2,
2),(0.,0.0217910848164856,0.0434483310073029),(0.,0.1),.UNSPECIFIED.);
#1019=B_SPLINE_SURFACE_WITH_KNOTS('',3,1,((#1836,#1837),(#1838,#1839),(#1840,
#1841),(#1842,#1843),(#1844,#1845)),.UNSPECIFIED.,.F.,.F.,.F.,(4,1,4),(2,
2),(0.,0.042803986396035,0.0861943565468211),(0.,0.1),.UNSPECIFIED.);
#1020=B_SPLINE_SURFACE_WITH_KNOTS('',3,1,((#1859,#1860),(#1861,#1862),(#1863,
#1864),(#1865,#1866),(#1867,#1868)),.UNSPECIFIED.,.F.,.F.,.F.,(4,1,4),(2,
2),(0.,0.0446795169674325,0.0859800473834325),(0.,0.1),.UNSPECIFIED.);
#1021=ADVANCED_FACE('',(#112),#1001,.F.);
#1022=ADVANCED_FACE('',(#113),#1002,.F.);
#1023=ADVANCED_FACE('',(#114),#1003,.F.);
#1024=ADVANCED_FACE('',(#115),#1004,.F.);
#1025=ADVANCED_FACE('',(#116),#1005,.F.);
#1026=ADVANCED_FACE('',(#117),#1006,.F.);
#1027=ADVANCED_FACE('',(#118),#1007,.F.);
#1028=ADVANCED_FACE('',(#119),#1008,.F.);
#1029=ADVANCED_FACE('',(#120),#1009,.F.);
#1030=ADVANCED_FACE('',(#121),#88,.F.);
#1031=ADVANCED_FACE('',(#122),#1010,.F.);
#1032=ADVANCED_FACE('',(#123),#1011,.F.);
#1033=ADVANCED_FACE('',(#124),#1012,.F.);
#1034=ADVANCED_FACE('',(#125),#1013,.F.);
#1035=ADVANCED_FACE('',(#126),#1014,.F.);
#1036=ADVANCED_FACE('',(#127),#1015,.F.);
#1037=ADVANCED_FACE('',(#128),#1016,.F.);
#1038=ADVANCED_FACE('',(#129),#1017,.F.);
#1039=ADVANCED_FACE('',(#130),#1018,.F.);
#1040=ADVANCED_FACE('',(#131),#89,.F.);
#1041=ADVANCED_FACE('',(#132),#90,.F.);
#1042=ADVANCED_FACE('',(#133),#91,.F.);
#1043=ADVANCED_FACE('',(#134),#92,.T.);
#1044=ADVANCED_FACE('',(#135),#93,.F.);
#1045=ADVANCED_FACE('',(#136),#94,.F.);
#1046=ADVANCED_FACE('',(#137),#95,.F.);
#1047=ADVANCED_FACE('',(#138),#1019,.F.);
#1048=ADVANCED_FACE('',(#139),#1020,.F.);
#1049=ADVANCED_FACE('',(#140),#96,.F.);
#1050=ADVANCED_FACE('',(#141),#97,.F.);
#1051=ADVANCED_FACE('',(#142),#98,.F.);
#1052=ADVANCED_FACE('',(#143),#99,.F.);
#1053=ADVANCED_FACE('',(#144),#100,.T.);
#1054=ADVANCED_FACE('',(#145),#74,.F.);
#1055=ADVANCED_FACE('',(#146),#75,.F.);
#1056=ADVANCED_FACE('',(#147),#44,.T.);
#1057=ADVANCED_FACE('',(#148),#76,.T.);
#1058=ADVANCED_FACE('',(#149,#19,#20,#21,#22,#23,#24,#25,#26,#27),#101,
 .F.);
#1059=ADVANCED_FACE('',(#150,#28),#102,.F.);
#1060=ADVANCED_FACE('',(#151),#77,.F.);
#1061=ADVANCED_FACE('',(#152,#29),#103,.T.);
#1062=ADVANCED_FACE('',(#153),#78,.F.);
#1063=ADVANCED_FACE('',(#154,#30),#104,.T.);
#1064=ADVANCED_FACE('',(#155),#79,.F.);
#1065=ADVANCED_FACE('',(#156,#31),#105,.T.);
#1066=ADVANCED_FACE('',(#157),#80,.F.);
#1067=ADVANCED_FACE('',(#158,#32),#106,.T.);
#1068=ADVANCED_FACE('',(#159),#81,.F.);
#1069=ADVANCED_FACE('',(#160),#82,.F.);
#1070=ADVANCED_FACE('',(#161),#83,.F.);
#1071=ADVANCED_FACE('',(#162),#84,.F.);
#1072=ADVANCED_FACE('',(#163),#85,.F.);
#1073=ADVANCED_FACE('',(#164),#86,.F.);
#1074=ADVANCED_FACE('',(#165),#87,.F.);
#1075=ADVANCED_FACE('',(#166),#107,.T.);
#1076=ADVANCED_FACE('',(#167),#108,.T.);
#1077=ADVANCED_FACE('',(#168),#109,.T.);
#1078=ADVANCED_FACE('',(#169),#110,.T.);
#1079=ADVANCED_FACE('',(#170,#33,#34,#35,#36,#37,#38,#39,#40,#41,#42,#43),
#111,.T.);
#1080=CLOSED_SHELL('',(#1021,#1022,#1023,#1024,#1025,#1026,#1027,#1028,
#1029,#1030,#1031,#1032,#1033,#1034,#1035,#1036,#1037,#1038,#1039,#1040,
#1041,#1042,#1043,#1044,#1045,#1046,#1047,#1048,#1049,#1050,#1051,#1052,
#1053,#1054,#1055,#1056,#1057,#1058,#1059,#1060,#1061,#1062,#1063,#1064,
#1065,#1066,#1067,#1068,#1069,#1070,#1071,#1072,#1073,#1074,#1075,#1076,
#1077,#1078,#1079));
#1081=AXIS2_PLACEMENT_3D('',#1374,#1152,#1153);
#1082=AXIS2_PLACEMENT_3D('',#1375,#1154,#1155);
#1083=AXIS2_PLACEMENT_3D('',#1586,#1166,#1167);
#1084=AXIS2_PLACEMENT_3D('',#1799,#1180,#1181);
#1085=AXIS2_PLACEMENT_3D('',#1805,#1185,#1186);
#1086=AXIS2_PLACEMENT_3D('',#1811,#1190,#1191);
#1087=AXIS2_PLACEMENT_3D('',#1814,#1194,#1195);
#1088=AXIS2_PLACEMENT_3D('',#1815,#1196,#1197);
#1089=AXIS2_PLACEMENT_3D('',#1824,#1202,#1203);
#1090=AXIS2_PLACEMENT_3D('',#1830,#1207,#1208);
#1091=AXIS2_PLACEMENT_3D('',#1882,#1214,#1215);
#1092=AXIS2_PLACEMENT_3D('',#1888,#1219,#1220);
#1093=AXIS2_PLACEMENT_3D('',#1894,#1224,#1225);
#1094=AXIS2_PLACEMENT_3D('',#1900,#1229,#1230);
#1095=AXIS2_PLACEMENT_3D('',#1903,#1233,#1234);
#1096=AXIS2_PLACEMENT_3D('',#1904,#1235,#1236);
#1097=AXIS2_PLACEMENT_3D('',#1906,#1237,#1238);
#1098=AXIS2_PLACEMENT_3D('',#1909,#1240,#1241);
#1099=AXIS2_PLACEMENT_3D('',#1910,#1242,#1243);
#1100=AXIS2_PLACEMENT_3D('',#1912,#1244,#1245);
#1101=AXIS2_PLACEMENT_3D('',#1915,#1247,#1248);
#1102=AXIS2_PLACEMENT_3D('',#1916,#1249,#1250);
#1103=AXIS2_PLACEMENT_3D('',#1918,#1251,#1252);
#1104=AXIS2_PLACEMENT_3D('',#1921,#1254,#1255);
#1105=AXIS2_PLACEMENT_3D('',#1922,#1256,#1257);
#1106=AXIS2_PLACEMENT_3D('',#1925,#1259,#1260);
#1107=AXIS2_PLACEMENT_3D('',#1926,#1261,#1262);
#1108=AXIS2_PLACEMENT_3D('',#1936,#1267,#1268);
#1109=AXIS2_PLACEMENT_3D('',#1938,#1269,#1270);
#1110=AXIS2_PLACEMENT_3D('',#1940,#1271,#1272);
#1111=AXIS2_PLACEMENT_3D('',#1942,#1273,#1274);
#1112=AXIS2_PLACEMENT_3D('',#1944,#1275,#1276);
#1113=AXIS2_PLACEMENT_3D('',#1946,#1277,#1278);
#1114=AXIS2_PLACEMENT_3D('',#1947,#1279,#1280);
#1115=AXIS2_PLACEMENT_3D('',#1949,#1281,#1282);
#1116=AXIS2_PLACEMENT_3D('',#1950,#1283,#1284);
#1117=AXIS2_PLACEMENT_3D('',#1952,#1285,#1286);
#1118=AXIS2_PLACEMENT_3D('',#1955,#1288,#1289);
#1119=AXIS2_PLACEMENT_3D('',#1956,#1290,#1291);
#1120=AXIS2_PLACEMENT_3D('',#1958,#1292,#1293);
#1121=AXIS2_PLACEMENT_3D('',#1959,#1294,#1295);
#1122=AXIS2_PLACEMENT_3D('',#1961,#1296,#1297);
#1123=AXIS2_PLACEMENT_3D('',#1964,#1299,#1300);
#1124=AXIS2_PLACEMENT_3D('',#1965,#1301,#1302);
#1125=AXIS2_PLACEMENT_3D('',#1967,#1303,#1304);
#1126=AXIS2_PLACEMENT_3D('',#1968,#1305,#1306);
#1127=AXIS2_PLACEMENT_3D('',#1970,#1307,#1308);
#1128=AXIS2_PLACEMENT_3D('',#1973,#1310,#1311);
#1129=AXIS2_PLACEMENT_3D('',#1974,#1312,#1313);
#1130=AXIS2_PLACEMENT_3D('',#1976,#1314,#1315);
#1131=AXIS2_PLACEMENT_3D('',#1977,#1316,#1317);
#1132=AXIS2_PLACEMENT_3D('',#1979,#1318,#1319);
#1133=AXIS2_PLACEMENT_3D('',#1982,#1321,#1322);
#1134=AXIS2_PLACEMENT_3D('',#1983,#1323,#1324);
#1135=AXIS2_PLACEMENT_3D('',#1985,#1325,#1326);
#1136=AXIS2_PLACEMENT_3D('',#1986,#1327,#1328);
#1137=AXIS2_PLACEMENT_3D('',#1988,#1330,#1331);
#1138=AXIS2_PLACEMENT_3D('',#1990,#1333,#1334);
#1139=AXIS2_PLACEMENT_3D('',#1992,#1336,#1337);
#1140=AXIS2_PLACEMENT_3D('',#1994,#1339,#1340);
#1141=AXIS2_PLACEMENT_3D('',#1996,#1341,#1342);
#1142=AXIS2_PLACEMENT_3D('',#1998,#1344,#1345);
#1143=AXIS2_PLACEMENT_3D('',#2000,#1346,#1347);
#1144=AXIS2_PLACEMENT_3D('',#2002,#1349,#1350);
#1145=AXIS2_PLACEMENT_3D('',#2004,#1351,#1352);
#1146=AXIS2_PLACEMENT_3D('',#2006,#1354,#1355);
#1147=AXIS2_PLACEMENT_3D('',#2012,#1359,#1360);
#1148=AXIS2_PLACEMENT_3D('',#2016,#1363,#1364);
#1149=AXIS2_PLACEMENT_3D('',#2020,#1367,#1368);
#1150=AXIS2_PLACEMENT_3D('',#2022,#1370,#1371);
#1151=AXIS2_PLACEMENT_3D('',#2023,#1372,#1373);
#1152=DIRECTION('axis',(0.,0.,1.));
#1153=DIRECTION('refdir',(1.,0.,0.));
#1154=DIRECTION('axis',(0.,0.,1.));
#1155=DIRECTION('refdir',(1.,0.,0.));
#1156=DIRECTION('',(0.,0.,-1.));
#1157=DIRECTION('',(0.,0.,-1.));
#1158=DIRECTION('',(0.,0.,-1.));
#1159=DIRECTION('',(0.,0.,-1.));
#1160=DIRECTION('',(0.,0.,-1.));
#1161=DIRECTION('',(0.,0.,-1.));
#1162=DIRECTION('',(0.,0.,-1.));
#1163=DIRECTION('',(0.,0.,-1.));
#1164=DIRECTION('',(0.,0.,-1.));
#1165=DIRECTION('',(0.,0.,-1.));
#1166=DIRECTION('center_axis',(0.102165253915889,0.994767440607252,0.));
#1167=DIRECTION('ref_axis',(0.994767440607252,-0.102165253915889,-1.37997311600008E-17));
#1168=DIRECTION('',(0.994767440607252,-0.102165253915889,0.));
#1169=DIRECTION('',(0.,0.,-1.));
#1170=DIRECTION('',(0.994767440607252,-0.102165253915889,-1.37997311600008E-17));
#1171=DIRECTION('',(0.,0.,-1.));
#1172=DIRECTION('',(0.,0.,-1.));
#1173=DIRECTION('',(0.,0.,-1.));
#1174=DIRECTION('',(0.,0.,-1.));
#1175=DIRECTION('',(0.,0.,-1.));
#1176=DIRECTION('',(0.,0.,-1.));
#1177=DIRECTION('',(0.,0.,-1.));
#1178=DIRECTION('',(0.,0.,-1.));
#1179=DIRECTION('',(0.,0.,-1.));
#1180=DIRECTION('center_axis',(6.0638748508679E-37,1.,0.));
#1181=DIRECTION('ref_axis',(1.,-6.0638748508679E-37,-1.38723259582953E-17));
#1182=DIRECTION('',(1.,-6.0638748508679E-37,0.));
#1183=DIRECTION('',(0.,0.,-1.));
#1184=DIRECTION('',(1.,-6.0638748508679E-37,-1.38723259582953E-17));
#1185=DIRECTION('center_axis',(-1.,6.05433091783828E-37,0.));
#1186=DIRECTION('ref_axis',(6.05433091783828E-37,1.,-6.87983619928853E-23));
#1187=DIRECTION('',(6.05433091783828E-37,1.,0.));
#1188=DIRECTION('',(0.,0.,-1.));
#1189=DIRECTION('',(6.05433091783828E-37,1.,-6.87983619928853E-23));
#1190=DIRECTION('center_axis',(-6.0638748508679E-37,-1.,0.));
#1191=DIRECTION('ref_axis',(-1.,6.0638748508679E-37,1.38723259582953E-17));
#1192=DIRECTION('',(-1.,6.0638748508679E-37,0.));
#1193=DIRECTION('',(-1.,6.0638748508679E-37,1.38723259582953E-17));
#1194=DIRECTION('center_axis',(1.38723259582953E-17,6.87983619928853E-23,
1.));
#1195=DIRECTION('ref_axis',(-1.,6.0638748508679E-37,1.38723259582953E-17));
#1196=DIRECTION('center_axis',(-0.931167791454674,0.364590927146336,0.));
#1197=DIRECTION('ref_axis',(0.364590927146336,0.931167791454674,-5.05778824562986E-18));
#1198=DIRECTION('',(0.364590927146336,0.931167791454674,0.));
#1199=DIRECTION('',(0.,0.,-1.));
#1200=DIRECTION('',(0.364590927146336,0.931167791454674,-5.05778824562986E-18));
#1201=DIRECTION('',(0.,0.,-1.));
#1202=DIRECTION('center_axis',(-6.0638748508679E-37,-1.,0.));
#1203=DIRECTION('ref_axis',(-1.,6.0638748508679E-37,1.38723259582953E-17));
#1204=DIRECTION('',(-1.,6.0638748508679E-37,0.));
#1205=DIRECTION('',(0.,0.,-1.));
#1206=DIRECTION('',(-1.,6.0638748508679E-37,1.38723259582953E-17));
#1207=DIRECTION('center_axis',(0.937302101854044,-0.34851796203351,0.));
#1208=DIRECTION('ref_axis',(-0.34851796203351,-0.937302101854044,4.83481925649894E-18));
#1209=DIRECTION('',(-0.34851796203351,-0.937302101854044,0.));
#1210=DIRECTION('',(0.,0.,-1.));
#1211=DIRECTION('',(-0.34851796203351,-0.937302101854044,4.83481925649894E-18));
#1212=DIRECTION('',(0.,0.,-1.));
#1213=DIRECTION('',(0.,0.,-1.));
#1214=DIRECTION('center_axis',(-0.941561753587568,-0.336840413521157,0.));
#1215=DIRECTION('ref_axis',(-0.336840413521157,0.941561753587568,4.67269523438611E-18));
#1216=DIRECTION('',(-0.336840413521157,0.941561753587568,0.));
#1217=DIRECTION('',(0.,0.,-1.));
#1218=DIRECTION('',(-0.336840413521157,0.941561753587568,4.67269523438611E-18));
#1219=DIRECTION('center_axis',(-6.0638748508679E-37,-1.,0.));
#1220=DIRECTION('ref_axis',(-1.,6.0638748508679E-37,1.38723259582953E-17));
#1221=DIRECTION('',(-1.,6.0638748508679E-37,0.));
#1222=DIRECTION('',(0.,0.,-1.));
#1223=DIRECTION('',(-1.,6.0638748508679E-37,1.38723259582953E-17));
#1224=DIRECTION('center_axis',(0.932457534137917,0.361279596752205,0.));
#1225=DIRECTION('ref_axis',(0.361279596752205,-0.932457534137917,-5.0117241766771E-18));
#1226=DIRECTION('',(0.361279596752205,-0.932457534137917,0.));
#1227=DIRECTION('',(0.,0.,-1.));
#1228=DIRECTION('',(0.361279596752205,-0.932457534137917,-5.0117241766771E-18));
#1229=DIRECTION('center_axis',(6.0638748508679E-37,1.,0.));
#1230=DIRECTION('ref_axis',(1.,-6.0638748508679E-37,-1.38723259582953E-17));
#1231=DIRECTION('',(1.,-6.0638748508679E-37,0.));
#1232=DIRECTION('',(1.,-6.0638748508679E-37,-1.38723259582953E-17));
#1233=DIRECTION('center_axis',(1.38723259582953E-17,6.87983619928853E-23,
1.));
#1234=DIRECTION('ref_axis',(-1.,6.0638748508679E-37,1.38723259582953E-17));
#1235=DIRECTION('center_axis',(0.,0.,1.));
#1236=DIRECTION('ref_axis',(1.,0.,0.));
#1237=DIRECTION('center_axis',(0.,0.,1.));
#1238=DIRECTION('ref_axis',(1.,0.,0.));
#1239=DIRECTION('',(0.,0.,1.));
#1240=DIRECTION('center_axis',(0.,0.,-1.));
#1241=DIRECTION('ref_axis',(1.,0.,0.));
#1242=DIRECTION('center_axis',(0.,0.,1.));
#1243=DIRECTION('ref_axis',(1.,0.,0.));
#1244=DIRECTION('center_axis',(0.,0.,1.));
#1245=DIRECTION('ref_axis',(1.,0.,0.));
#1246=DIRECTION('',(0.,0.,1.));
#1247=DIRECTION('center_axis',(0.,0.,-1.));
#1248=DIRECTION('ref_axis',(1.,0.,0.));
#1249=DIRECTION('center_axis',(0.,0.,1.));
#1250=DIRECTION('ref_axis',(1.,0.,0.));
#1251=DIRECTION('center_axis',(0.,0.,-1.));
#1252=DIRECTION('ref_axis',(1.,0.,0.));
#1253=DIRECTION('',(0.707106781186546,8.65956056235491E-17,-0.707106781186549));
#1254=DIRECTION('center_axis',(0.,0.,1.));
#1255=DIRECTION('ref_axis',(1.,0.,0.));
#1256=DIRECTION('center_axis',(0.,0.,1.));
#1257=DIRECTION('ref_axis',(1.,0.,0.));
#1258=DIRECTION('',(0.,0.,-1.));
#1259=DIRECTION('center_axis',(0.,0.,1.));
#1260=DIRECTION('ref_axis',(1.,0.,0.));
#1261=DIRECTION('center_axis',(0.,0.,1.));
#1262=DIRECTION('ref_axis',(1.,0.,0.));
#1263=DIRECTION('',(-1.,0.,0.));
#1264=DIRECTION('',(0.,1.,0.));
#1265=DIRECTION('',(1.,0.,0.));
#1266=DIRECTION('',(0.,-1.,0.));
#1267=DIRECTION('center_axis',(0.,0.,-1.));
#1268=DIRECTION('ref_axis',(1.,0.,0.));
#1269=DIRECTION('center_axis',(0.,0.,-1.));
#1270=DIRECTION('ref_axis',(1.,0.,0.));
#1271=DIRECTION('center_axis',(0.,0.,1.));
#1272=DIRECTION('ref_axis',(-1.,0.,0.));
#1273=DIRECTION('center_axis',(0.,0.,1.));
#1274=DIRECTION('ref_axis',(-1.,0.,0.));
#1275=DIRECTION('center_axis',(0.,0.,1.));
#1276=DIRECTION('ref_axis',(-1.,0.,0.));
#1277=DIRECTION('center_axis',(0.,0.,1.));
#1278=DIRECTION('ref_axis',(-1.,0.,0.));
#1279=DIRECTION('center_axis',(0.,0.,1.));
#1280=DIRECTION('ref_axis',(1.,0.,0.));
#1281=DIRECTION('center_axis',(0.,0.,-1.));
#1282=DIRECTION('ref_axis',(1.,0.,0.));
#1283=DIRECTION('center_axis',(0.,0.,-1.));
#1284=DIRECTION('ref_axis',(-1.,0.,0.));
#1285=DIRECTION('center_axis',(0.,0.,-1.));
#1286=DIRECTION('ref_axis',(-1.,0.,0.));
#1287=DIRECTION('',(0.,0.,-1.));
#1288=DIRECTION('center_axis',(0.,0.,-1.));
#1289=DIRECTION('ref_axis',(-1.,0.,0.));
#1290=DIRECTION('center_axis',(0.,0.,1.));
#1291=DIRECTION('ref_axis',(-1.,0.,0.));
#1292=DIRECTION('center_axis',(0.,0.,1.));
#1293=DIRECTION('ref_axis',(-1.,0.,0.));
#1294=DIRECTION('center_axis',(0.,0.,-1.));
#1295=DIRECTION('ref_axis',(-1.,0.,0.));
#1296=DIRECTION('center_axis',(0.,0.,-1.));
#1297=DIRECTION('ref_axis',(-1.,0.,0.));
#1298=DIRECTION('',(0.,0.,-1.));
#1299=DIRECTION('center_axis',(0.,0.,-1.));
#1300=DIRECTION('ref_axis',(-1.,0.,0.));
#1301=DIRECTION('center_axis',(0.,0.,1.));
#1302=DIRECTION('ref_axis',(-1.,0.,0.));
#1303=DIRECTION('center_axis',(0.,0.,1.));
#1304=DIRECTION('ref_axis',(-1.,0.,0.));
#1305=DIRECTION('center_axis',(0.,0.,-1.));
#1306=DIRECTION('ref_axis',(-1.,0.,0.));
#1307=DIRECTION('center_axis',(0.,0.,-1.));
#1308=DIRECTION('ref_axis',(-1.,0.,0.));
#1309=DIRECTION('',(0.,0.,-1.));
#1310=DIRECTION('center_axis',(0.,0.,-1.));
#1311=DIRECTION('ref_axis',(-1.,0.,0.));
#1312=DIRECTION('center_axis',(0.,0.,1.));
#1313=DIRECTION('ref_axis',(-1.,0.,0.));
#1314=DIRECTION('center_axis',(0.,0.,1.));
#1315=DIRECTION('ref_axis',(-1.,0.,0.));
#1316=DIRECTION('center_axis',(0.,0.,-1.));
#1317=DIRECTION('ref_axis',(-1.,0.,0.));
#1318=DIRECTION('center_axis',(0.,0.,-1.));
#1319=DIRECTION('ref_axis',(-1.,0.,0.));
#1320=DIRECTION('',(0.,0.,-1.));
#1321=DIRECTION('center_axis',(0.,0.,-1.));
#1322=DIRECTION('ref_axis',(-1.,0.,0.));
#1323=DIRECTION('center_axis',(0.,0.,1.));
#1324=DIRECTION('ref_axis',(-1.,0.,0.));
#1325=DIRECTION('center_axis',(0.,0.,1.));
#1326=DIRECTION('ref_axis',(-1.,0.,0.));
#1327=DIRECTION('center_axis',(0.,0.,-1.));
#1328=DIRECTION('ref_axis',(-1.,0.,0.));
#1329=DIRECTION('',(0.,0.,-1.));
#1330=DIRECTION('center_axis',(0.,0.,-1.));
#1331=DIRECTION('ref_axis',(-1.,0.,0.));
#1332=DIRECTION('',(0.,0.,-1.));
#1333=DIRECTION('center_axis',(0.,0.,-1.));
#1334=DIRECTION('ref_axis',(-1.,0.,0.));
#1335=DIRECTION('',(0.,0.,-1.));
#1336=DIRECTION('center_axis',(0.,0.,-1.));
#1337=DIRECTION('ref_axis',(-1.,0.,0.));
#1338=DIRECTION('',(0.,0.,-1.));
#1339=DIRECTION('center_axis',(0.,0.,1.));
#1340=DIRECTION('ref_axis',(1.,0.,0.));
#1341=DIRECTION('center_axis',(0.,0.,-1.));
#1342=DIRECTION('ref_axis',(1.,0.,0.));
#1343=DIRECTION('',(0.,0.,-1.));
#1344=DIRECTION('center_axis',(0.,0.,1.));
#1345=DIRECTION('ref_axis',(1.,0.,0.));
#1346=DIRECTION('center_axis',(0.,0.,-1.));
#1347=DIRECTION('ref_axis',(1.,0.,0.));
#1348=DIRECTION('',(0.,0.,-1.));
#1349=DIRECTION('center_axis',(0.,0.,1.));
#1350=DIRECTION('ref_axis',(1.,0.,0.));
#1351=DIRECTION('center_axis',(0.,0.,-1.));
#1352=DIRECTION('ref_axis',(1.,0.,0.));
#1353=DIRECTION('',(0.,0.,-1.));
#1354=DIRECTION('center_axis',(-1.,0.,0.));
#1355=DIRECTION('ref_axis',(0.,-1.,0.));
#1356=DIRECTION('',(0.,0.,1.));
#1357=DIRECTION('',(0.,-1.,0.));
#1358=DIRECTION('',(0.,0.,1.));
#1359=DIRECTION('center_axis',(0.,1.,0.));
#1360=DIRECTION('ref_axis',(-1.,0.,0.));
#1361=DIRECTION('',(-1.,0.,0.));
#1362=DIRECTION('',(0.,0.,1.));
#1363=DIRECTION('center_axis',(1.,0.,0.));
#1364=DIRECTION('ref_axis',(0.,1.,0.));
#1365=DIRECTION('',(0.,1.,0.));
#1366=DIRECTION('',(0.,0.,1.));
#1367=DIRECTION('center_axis',(0.,-1.,0.));
#1368=DIRECTION('ref_axis',(1.,0.,0.));
#1369=DIRECTION('',(1.,0.,0.));
#1370=DIRECTION('center_axis',(0.,0.,1.));
#1371=DIRECTION('ref_axis',(1.,0.,0.));
#1372=DIRECTION('',(-5.46184951915631E-21,1.11022371260878E-16,1.));
#1373=DIRECTION('',(1.,6.93889390390723E-18,1.38777878078145E-17));
#1374=CARTESIAN_POINT('',(0.,0.,0.));
#1375=CARTESIAN_POINT('',(0.,0.,0.));
#1376=CARTESIAN_POINT('Ctrl Pts',(58.1207371992059,2.07742162048817,26.1));
#1377=CARTESIAN_POINT('Ctrl Pts',(58.1207371992059,2.07742162048817,25.1));
#1378=CARTESIAN_POINT('Ctrl Pts',(58.1700520352709,2.13148691813307,26.1));
#1379=CARTESIAN_POINT('Ctrl Pts',(58.1700520352709,2.13148691813307,25.1));
#1380=CARTESIAN_POINT('Ctrl Pts',(58.265063182403,2.23565041859588,26.1));
#1381=CARTESIAN_POINT('Ctrl Pts',(58.265063182403,2.23565041859588,25.1));
#1382=CARTESIAN_POINT('Ctrl Pts',(58.3426364459136,2.35335069503358,26.1));
#1383=CARTESIAN_POINT('Ctrl Pts',(58.3426364459136,2.35335069503358,25.1));
#1384=CARTESIAN_POINT('Ctrl Pts',(58.3799458784051,2.40995950996876,26.1));
#1385=CARTESIAN_POINT('Ctrl Pts',(58.3799458784051,2.40995950996876,25.1));
#1386=CARTESIAN_POINT('',(58.1207371992059,2.07742162048817,26.1));
#1387=CARTESIAN_POINT('',(58.3799458784051,2.40995950996876,26.1));
#1388=CARTESIAN_POINT('Ctrl Pts',(58.1207371992059,2.07742162048817,26.1));
#1389=CARTESIAN_POINT('Ctrl Pts',(58.1700520352709,2.13148691813307,26.1));
#1390=CARTESIAN_POINT('Ctrl Pts',(58.265063182403,2.23565041859588,26.1));
#1391=CARTESIAN_POINT('Ctrl Pts',(58.3426364459136,2.35335069503358,26.1));
#1392=CARTESIAN_POINT('Ctrl Pts',(58.3799458784051,2.40995950996876,26.1));
#1393=CARTESIAN_POINT('',(58.1207371992059,2.07742162048817,25.1));
#1394=CARTESIAN_POINT('',(58.1207371992059,2.07742162048817,26.1));
#1395=CARTESIAN_POINT('',(58.3799458784051,2.40995950996876,25.1));
#1396=CARTESIAN_POINT('Ctrl Pts',(58.1207371992059,2.07742162048817,25.1));
#1397=CARTESIAN_POINT('Ctrl Pts',(58.1700520352709,2.13148691813307,25.1));
#1398=CARTESIAN_POINT('Ctrl Pts',(58.265063182403,2.23565041859588,25.1));
#1399=CARTESIAN_POINT('Ctrl Pts',(58.3426364459136,2.35335069503358,25.1));
#1400=CARTESIAN_POINT('Ctrl Pts',(58.3799458784051,2.40995950996876,25.1));
#1401=CARTESIAN_POINT('',(58.3799458784051,2.40995950996876,26.1));
#1402=CARTESIAN_POINT('Ctrl Pts',(57.4113239091821,1.44815810024738,26.1));
#1403=CARTESIAN_POINT('Ctrl Pts',(57.4113239091821,1.44815810024738,25.1));
#1404=CARTESIAN_POINT('Ctrl Pts',(57.5643915912222,1.57582914233491,26.1));
#1405=CARTESIAN_POINT('Ctrl Pts',(57.5643915912222,1.57582914233491,25.1));
#1406=CARTESIAN_POINT('Ctrl Pts',(57.8072875179166,1.77842433203513,26.1));
#1407=CARTESIAN_POINT('Ctrl Pts',(57.8072875179166,1.77842433203513,25.1));
#1408=CARTESIAN_POINT('Ctrl Pts',(58.0361126450488,1.99669889610882,26.1));
#1409=CARTESIAN_POINT('Ctrl Pts',(58.0361126450488,1.99669889610882,25.1));
#1410=CARTESIAN_POINT('Ctrl Pts',(58.1207371992059,2.07742162048817,26.1));
#1411=CARTESIAN_POINT('Ctrl Pts',(58.1207371992059,2.07742162048817,25.1));
#1412=CARTESIAN_POINT('',(57.4113239091821,1.44815810024738,26.1));
#1413=CARTESIAN_POINT('Ctrl Pts',(57.4113239091821,1.44815810024738,26.1));
#1414=CARTESIAN_POINT('Ctrl Pts',(57.5643915912222,1.57582914233491,26.1));
#1415=CARTESIAN_POINT('Ctrl Pts',(57.8072875179166,1.77842433203513,26.1));
#1416=CARTESIAN_POINT('Ctrl Pts',(58.0361126450488,1.99669889610882,26.1));
#1417=CARTESIAN_POINT('Ctrl Pts',(58.1207371992059,2.07742162048817,26.1));
#1418=CARTESIAN_POINT('',(57.4113239091821,1.44815810024738,25.1));
#1419=CARTESIAN_POINT('',(57.4113239091821,1.44815810024738,26.1));
#1420=CARTESIAN_POINT('Ctrl Pts',(57.4113239091821,1.44815810024738,25.1));
#1421=CARTESIAN_POINT('Ctrl Pts',(57.5643915912222,1.57582914233491,25.1));
#1422=CARTESIAN_POINT('Ctrl Pts',(57.8072875179166,1.77842433203513,25.1));
#1423=CARTESIAN_POINT('Ctrl Pts',(58.0361126450488,1.99669889610882,25.1));
#1424=CARTESIAN_POINT('Ctrl Pts',(58.1207371992059,2.07742162048817,25.1));
#1425=CARTESIAN_POINT('Ctrl Pts',(56.4648712915368,0.568212941288948,26.1));
#1426=CARTESIAN_POINT('Ctrl Pts',(56.4648712915368,0.568212941288948,25.1));
#1427=CARTESIAN_POINT('Ctrl Pts',(56.5895499681516,0.696737906075935,26.1));
#1428=CARTESIAN_POINT('Ctrl Pts',(56.5895499681516,0.696737906075935,25.1));
#1429=CARTESIAN_POINT('Ctrl Pts',(56.8898036587446,1.00625430501762,26.1));
#1430=CARTESIAN_POINT('Ctrl Pts',(56.8898036587446,1.00625430501762,25.1));
#1431=CARTESIAN_POINT('Ctrl Pts',(57.2188892696137,1.28510096586453,26.1));
#1432=CARTESIAN_POINT('Ctrl Pts',(57.2188892696137,1.28510096586453,25.1));
#1433=CARTESIAN_POINT('Ctrl Pts',(57.4113239091821,1.44815810024738,26.1));
#1434=CARTESIAN_POINT('Ctrl Pts',(57.4113239091821,1.44815810024738,25.1));
#1435=CARTESIAN_POINT('',(56.4648712915368,0.568212941288948,26.1));
#1436=CARTESIAN_POINT('Ctrl Pts',(56.4648712915368,0.568212941288948,26.1));
#1437=CARTESIAN_POINT('Ctrl Pts',(56.5895499681516,0.696737906075935,26.1));
#1438=CARTESIAN_POINT('Ctrl Pts',(56.8898036587446,1.00625430501762,26.1));
#1439=CARTESIAN_POINT('Ctrl Pts',(57.2188892696137,1.28510096586453,26.1));
#1440=CARTESIAN_POINT('Ctrl Pts',(57.4113239091821,1.44815810024738,26.1));
#1441=CARTESIAN_POINT('',(56.4648712915368,0.568212941288948,25.1));
#1442=CARTESIAN_POINT('',(56.4648712915368,0.568212941288948,26.1));
#1443=CARTESIAN_POINT('Ctrl Pts',(56.4648712915368,0.568212941288948,25.1));
#1444=CARTESIAN_POINT('Ctrl Pts',(56.5895499681516,0.696737906075935,25.1));
#1445=CARTESIAN_POINT('Ctrl Pts',(56.8898036587446,1.00625430501762,25.1));
#1446=CARTESIAN_POINT('Ctrl Pts',(57.2188892696137,1.28510096586453,25.1));
#1447=CARTESIAN_POINT('Ctrl Pts',(57.4113239091821,1.44815810024738,25.1));
#1448=CARTESIAN_POINT('Ctrl Pts',(56.0572994989343,-0.0422918051481247,
26.1));
#1449=CARTESIAN_POINT('Ctrl Pts',(56.0572994989343,-0.0422918051481247,
25.1));
#1450=CARTESIAN_POINT('Ctrl Pts',(56.1082257018604,0.0592071825527629,26.1));
#1451=CARTESIAN_POINT('Ctrl Pts',(56.1082257018604,0.0592071825527629,25.1));
#1452=CARTESIAN_POINT('Ctrl Pts',(56.2187131638712,0.279415344626356,26.1));
#1453=CARTESIAN_POINT('Ctrl Pts',(56.2187131638712,0.279415344626356,25.1));
#1454=CARTESIAN_POINT('Ctrl Pts',(56.3786519543772,0.467058705214424,26.1));
#1455=CARTESIAN_POINT('Ctrl Pts',(56.3786519543772,0.467058705214424,25.1));
#1456=CARTESIAN_POINT('Ctrl Pts',(56.4648712915368,0.568212941288948,26.1));
#1457=CARTESIAN_POINT('Ctrl Pts',(56.4648712915368,0.568212941288948,25.1));
#1458=CARTESIAN_POINT('',(56.0572994989343,-0.0422918051481247,26.1));
#1459=CARTESIAN_POINT('Ctrl Pts',(56.0572994989343,-0.0422918051481247,
26.1));
#1460=CARTESIAN_POINT('Ctrl Pts',(56.1082257018604,0.0592071825527629,26.1));
#1461=CARTESIAN_POINT('Ctrl Pts',(56.2187131638712,0.279415344626356,26.1));
#1462=CARTESIAN_POINT('Ctrl Pts',(56.3786519543772,0.467058705214424,26.1));
#1463=CARTESIAN_POINT('Ctrl Pts',(56.4648712915368,0.568212941288948,26.1));
#1464=CARTESIAN_POINT('',(56.0572994989343,-0.0422918051481247,25.1));
#1465=CARTESIAN_POINT('',(56.0572994989343,-0.0422918051481247,26.1));
#1466=CARTESIAN_POINT('Ctrl Pts',(56.0572994989343,-0.0422918051481247,
25.1));
#1467=CARTESIAN_POINT('Ctrl Pts',(56.1082257018604,0.0592071825527629,25.1));
#1468=CARTESIAN_POINT('Ctrl Pts',(56.2187131638712,0.279415344626356,25.1));
#1469=CARTESIAN_POINT('Ctrl Pts',(56.3786519543772,0.467058705214424,25.1));
#1470=CARTESIAN_POINT('Ctrl Pts',(56.4648712915368,0.568212941288948,25.1));
#1471=CARTESIAN_POINT('Ctrl Pts',(55.9345163148828,-0.632332786917686,26.1));
#1472=CARTESIAN_POINT('Ctrl Pts',(55.9345163148828,-0.632332786917686,25.1));
#1473=CARTESIAN_POINT('Ctrl Pts',(55.9398799799866,-0.532133182556664,26.1));
#1474=CARTESIAN_POINT('Ctrl Pts',(55.9398799799866,-0.532133182556664,25.1));
#1475=CARTESIAN_POINT('Ctrl Pts',(55.9507410586941,-0.32923539375813,26.1));
#1476=CARTESIAN_POINT('Ctrl Pts',(55.9507410586941,-0.32923539375813,25.1));
#1477=CARTESIAN_POINT('Ctrl Pts',(56.0214896084005,-0.138721693520607,26.1));
#1478=CARTESIAN_POINT('Ctrl Pts',(56.0214896084005,-0.138721693520607,25.1));
#1479=CARTESIAN_POINT('Ctrl Pts',(56.0572994989343,-0.0422918051481247,
26.1));
#1480=CARTESIAN_POINT('Ctrl Pts',(56.0572994989343,-0.0422918051481247,
25.1));
#1481=CARTESIAN_POINT('',(55.9345163148828,-0.632332786917686,26.1));
#1482=CARTESIAN_POINT('Ctrl Pts',(55.9345163148828,-0.632332786917686,26.1));
#1483=CARTESIAN_POINT('Ctrl Pts',(55.9398799799866,-0.532133182556664,26.1));
#1484=CARTESIAN_POINT('Ctrl Pts',(55.9507410586941,-0.32923539375813,26.1));
#1485=CARTESIAN_POINT('Ctrl Pts',(56.0214896084005,-0.138721693520607,26.1));
#1486=CARTESIAN_POINT('Ctrl Pts',(56.0572994989343,-0.0422918051481247,
26.1));
#1487=CARTESIAN_POINT('',(55.9345163148828,-0.632332786917686,25.1));
#1488=CARTESIAN_POINT('',(55.9345163148828,-0.632332786917686,26.1));
#1489=CARTESIAN_POINT('Ctrl Pts',(55.9345163148828,-0.632332786917686,25.1));
#1490=CARTESIAN_POINT('Ctrl Pts',(55.9398799799866,-0.532133182556664,25.1));
#1491=CARTESIAN_POINT('Ctrl Pts',(55.9507410586941,-0.32923539375813,25.1));
#1492=CARTESIAN_POINT('Ctrl Pts',(56.0214896084005,-0.138721693520607,25.1));
#1493=CARTESIAN_POINT('Ctrl Pts',(56.0572994989343,-0.0422918051481247,
25.1));
#1494=CARTESIAN_POINT('Ctrl Pts',(56.3540257257409,-1.62141852080822,26.1));
#1495=CARTESIAN_POINT('Ctrl Pts',(56.3540257257409,-1.62141852080822,25.1));
#1496=CARTESIAN_POINT('Ctrl Pts',(56.2316698103065,-1.47992428993311,26.1));
#1497=CARTESIAN_POINT('Ctrl Pts',(56.2316698103065,-1.47992428993311,25.1));
#1498=CARTESIAN_POINT('Ctrl Pts',(55.9856412138411,-1.19541310053503,26.1));
#1499=CARTESIAN_POINT('Ctrl Pts',(55.9856412138411,-1.19541310053503,25.1));
#1500=CARTESIAN_POINT('Ctrl Pts',(55.9516186450788,-0.820694732790276,26.1));
#1501=CARTESIAN_POINT('Ctrl Pts',(55.9516186450788,-0.820694732790276,25.1));
#1502=CARTESIAN_POINT('Ctrl Pts',(55.9345163148828,-0.632332786917686,26.1));
#1503=CARTESIAN_POINT('Ctrl Pts',(55.9345163148828,-0.632332786917686,25.1));
#1504=CARTESIAN_POINT('',(56.3540257257409,-1.62141852080822,26.1));
#1505=CARTESIAN_POINT('Ctrl Pts',(56.3540257257409,-1.62141852080822,26.1));
#1506=CARTESIAN_POINT('Ctrl Pts',(56.2316698103065,-1.47992428993311,26.1));
#1507=CARTESIAN_POINT('Ctrl Pts',(55.9856412138411,-1.19541310053503,26.1));
#1508=CARTESIAN_POINT('Ctrl Pts',(55.9516186450788,-0.820694732790276,26.1));
#1509=CARTESIAN_POINT('Ctrl Pts',(55.9345163148828,-0.632332786917686,26.1));
#1510=CARTESIAN_POINT('',(56.3540257257409,-1.62141852080822,25.1));
#1511=CARTESIAN_POINT('',(56.3540257257409,-1.62141852080822,26.1));
#1512=CARTESIAN_POINT('Ctrl Pts',(56.3540257257409,-1.62141852080822,25.1));
#1513=CARTESIAN_POINT('Ctrl Pts',(56.2316698103065,-1.47992428993311,25.1));
#1514=CARTESIAN_POINT('Ctrl Pts',(55.9856412138411,-1.19541310053503,25.1));
#1515=CARTESIAN_POINT('Ctrl Pts',(55.9516186450788,-0.820694732790276,25.1));
#1516=CARTESIAN_POINT('Ctrl Pts',(55.9345163148828,-0.632332786917686,25.1));
#1517=CARTESIAN_POINT('Ctrl Pts',(57.493180159945,-2.02046386897564,26.1));
#1518=CARTESIAN_POINT('Ctrl Pts',(57.493180159945,-2.02046386897564,25.1));
#1519=CARTESIAN_POINT('Ctrl Pts',(57.2706611112292,-2.00823631555237,26.1));
#1520=CARTESIAN_POINT('Ctrl Pts',(57.2706611112292,-2.00823631555237,25.1));
#1521=CARTESIAN_POINT('Ctrl Pts',(56.8509471000519,-1.9851727822334,26.1));
#1522=CARTESIAN_POINT('Ctrl Pts',(56.8509471000519,-1.9851727822334,25.1));
#1523=CARTESIAN_POINT('Ctrl Pts',(56.5128666503195,-1.73769257580186,26.1));
#1524=CARTESIAN_POINT('Ctrl Pts',(56.5128666503195,-1.73769257580186,25.1));
#1525=CARTESIAN_POINT('Ctrl Pts',(56.3540257257409,-1.62141852080822,26.1));
#1526=CARTESIAN_POINT('Ctrl Pts',(56.3540257257409,-1.62141852080822,25.1));
#1527=CARTESIAN_POINT('',(57.493180159945,-2.02046386897564,26.1));
#1528=CARTESIAN_POINT('Ctrl Pts',(57.493180159945,-2.02046386897564,26.1));
#1529=CARTESIAN_POINT('Ctrl Pts',(57.2706611112292,-2.00823631555237,26.1));
#1530=CARTESIAN_POINT('Ctrl Pts',(56.8509471000519,-1.9851727822334,26.1));
#1531=CARTESIAN_POINT('Ctrl Pts',(56.5128666503195,-1.73769257580186,26.1));
#1532=CARTESIAN_POINT('Ctrl Pts',(56.3540257257409,-1.62141852080822,26.1));
#1533=CARTESIAN_POINT('',(57.493180159945,-2.02046386897564,25.1));
#1534=CARTESIAN_POINT('',(57.493180159945,-2.02046386897564,26.1));
#1535=CARTESIAN_POINT('Ctrl Pts',(57.493180159945,-2.02046386897564,25.1));
#1536=CARTESIAN_POINT('Ctrl Pts',(57.2706611112292,-2.00823631555237,25.1));
#1537=CARTESIAN_POINT('Ctrl Pts',(56.8509471000519,-1.9851727822334,25.1));
#1538=CARTESIAN_POINT('Ctrl Pts',(56.5128666503195,-1.73769257580186,25.1));
#1539=CARTESIAN_POINT('Ctrl Pts',(56.3540257257409,-1.62141852080822,25.1));
#1540=CARTESIAN_POINT('Ctrl Pts',(58.6289228242822,-1.65040902793407,26.1));
#1541=CARTESIAN_POINT('Ctrl Pts',(58.6289228242822,-1.65040902793407,25.1));
#1542=CARTESIAN_POINT('Ctrl Pts',(58.4689805058073,-1.75821878404098,26.1));
#1543=CARTESIAN_POINT('Ctrl Pts',(58.4689805058073,-1.75821878404098,25.1));
#1544=CARTESIAN_POINT('Ctrl Pts',(58.1268010309103,-1.98886622047427,26.1));
#1545=CARTESIAN_POINT('Ctrl Pts',(58.1268010309103,-1.98886622047427,25.1));
#1546=CARTESIAN_POINT('Ctrl Pts',(57.7133662846374,-2.00948354289782,26.1));
#1547=CARTESIAN_POINT('Ctrl Pts',(57.7133662846374,-2.00948354289782,25.1));
#1548=CARTESIAN_POINT('Ctrl Pts',(57.493180159945,-2.02046386897564,26.1));
#1549=CARTESIAN_POINT('Ctrl Pts',(57.493180159945,-2.02046386897564,25.1));
#1550=CARTESIAN_POINT('',(58.6289228242822,-1.65040902793407,26.1));
#1551=CARTESIAN_POINT('Ctrl Pts',(58.6289228242822,-1.65040902793407,26.1));
#1552=CARTESIAN_POINT('Ctrl Pts',(58.4689805058073,-1.75821878404098,26.1));
#1553=CARTESIAN_POINT('Ctrl Pts',(58.1268010309103,-1.98886622047427,26.1));
#1554=CARTESIAN_POINT('Ctrl Pts',(57.7133662846374,-2.00948354289782,26.1));
#1555=CARTESIAN_POINT('Ctrl Pts',(57.493180159945,-2.02046386897564,26.1));
#1556=CARTESIAN_POINT('',(58.6289228242822,-1.65040902793407,25.1));
#1557=CARTESIAN_POINT('',(58.6289228242822,-1.65040902793407,26.1));
#1558=CARTESIAN_POINT('Ctrl Pts',(58.6289228242822,-1.65040902793407,25.1));
#1559=CARTESIAN_POINT('Ctrl Pts',(58.4689805058073,-1.75821878404098,25.1));
#1560=CARTESIAN_POINT('Ctrl Pts',(58.1268010309103,-1.98886622047427,25.1));
#1561=CARTESIAN_POINT('Ctrl Pts',(57.7133662846374,-2.00948354289782,25.1));
#1562=CARTESIAN_POINT('Ctrl Pts',(57.493180159945,-2.02046386897564,25.1));
#1563=CARTESIAN_POINT('Ctrl Pts',(59.1166449827142,-0.574351772665977,26.1));
#1564=CARTESIAN_POINT('Ctrl Pts',(59.1166449827142,-0.574351772665977,25.1));
#1565=CARTESIAN_POINT('Ctrl Pts',(59.0851569994504,-0.791043352182149,26.1));
#1566=CARTESIAN_POINT('Ctrl Pts',(59.0851569994504,-0.791043352182149,25.1));
#1567=CARTESIAN_POINT('Ctrl Pts',(59.0259927185517,-1.19819554644908,26.1));
#1568=CARTESIAN_POINT('Ctrl Pts',(59.0259927185517,-1.19819554644908,25.1));
#1569=CARTESIAN_POINT('Ctrl Pts',(58.7554699380998,-1.50628752253364,26.1));
#1570=CARTESIAN_POINT('Ctrl Pts',(58.7554699380998,-1.50628752253364,25.1));
#1571=CARTESIAN_POINT('Ctrl Pts',(58.6289228242822,-1.65040902793407,26.1));
#1572=CARTESIAN_POINT('Ctrl Pts',(58.6289228242822,-1.65040902793407,25.1));
#1573=CARTESIAN_POINT('',(59.1166449827142,-0.574351772665977,26.1));
#1574=CARTESIAN_POINT('Ctrl Pts',(59.1166449827142,-0.574351772665977,26.1));
#1575=CARTESIAN_POINT('Ctrl Pts',(59.0851569994504,-0.791043352182149,26.1));
#1576=CARTESIAN_POINT('Ctrl Pts',(59.0259927185517,-1.19819554644908,26.1));
#1577=CARTESIAN_POINT('Ctrl Pts',(58.7554699380998,-1.50628752253364,26.1));
#1578=CARTESIAN_POINT('Ctrl Pts',(58.6289228242822,-1.65040902793407,26.1));
#1579=CARTESIAN_POINT('',(59.1166449827142,-0.574351772665977,25.1));
#1580=CARTESIAN_POINT('',(59.1166449827142,-0.574351772665977,26.1));
#1581=CARTESIAN_POINT('Ctrl Pts',(59.1166449827142,-0.574351772665977,25.1));
#1582=CARTESIAN_POINT('Ctrl Pts',(59.0851569994504,-0.791043352182149,25.1));
#1583=CARTESIAN_POINT('Ctrl Pts',(59.0259927185517,-1.19819554644908,25.1));
#1584=CARTESIAN_POINT('Ctrl Pts',(58.7554699380998,-1.50628752253364,25.1));
#1585=CARTESIAN_POINT('Ctrl Pts',(58.6289228242822,-1.65040902793407,25.1));
#1586=CARTESIAN_POINT('Origin',(58.4856761735864,-0.509549602866173,26.1));
#1587=CARTESIAN_POINT('',(58.4856761735864,-0.509549602866173,26.1));
#1588=CARTESIAN_POINT('',(52.0975668306914,0.146526165617892,26.1));
#1589=CARTESIAN_POINT('',(58.4856761735864,-0.509549602866173,25.1));
#1590=CARTESIAN_POINT('',(58.4856761735864,-0.509549602866173,26.1));
#1591=CARTESIAN_POINT('',(58.4856761735864,-0.509549602866173,25.1));
#1592=CARTESIAN_POINT('Ctrl Pts',(58.216235761065,-1.24624811112881,26.1));
#1593=CARTESIAN_POINT('Ctrl Pts',(58.216235761065,-1.24624811112881,25.1));
#1594=CARTESIAN_POINT('Ctrl Pts',(58.2939207612992,-1.14465954299458,26.1));
#1595=CARTESIAN_POINT('Ctrl Pts',(58.2939207612992,-1.14465954299458,25.1));
#1596=CARTESIAN_POINT('Ctrl Pts',(58.4596390643471,-0.927949945652405,26.1));
#1597=CARTESIAN_POINT('Ctrl Pts',(58.4596390643471,-0.927949945652405,25.1));
#1598=CARTESIAN_POINT('Ctrl Pts',(58.4766431953939,-0.654704010653289,26.1));
#1599=CARTESIAN_POINT('Ctrl Pts',(58.4766431953939,-0.654704010653289,25.1));
#1600=CARTESIAN_POINT('Ctrl Pts',(58.4856761735864,-0.509549602866173,26.1));
#1601=CARTESIAN_POINT('Ctrl Pts',(58.4856761735864,-0.509549602866173,25.1));
#1602=CARTESIAN_POINT('',(58.216235761065,-1.24624811112881,26.1));
#1603=CARTESIAN_POINT('Ctrl Pts',(58.216235761065,-1.24624811112881,26.1));
#1604=CARTESIAN_POINT('Ctrl Pts',(58.2939207612992,-1.14465954299458,26.1));
#1605=CARTESIAN_POINT('Ctrl Pts',(58.4596390643471,-0.927949945652405,26.1));
#1606=CARTESIAN_POINT('Ctrl Pts',(58.4766431953939,-0.654704010653289,26.1));
#1607=CARTESIAN_POINT('Ctrl Pts',(58.4856761735864,-0.509549602866173,26.1));
#1608=CARTESIAN_POINT('',(58.216235761065,-1.24624811112881,25.1));
#1609=CARTESIAN_POINT('',(58.216235761065,-1.24624811112881,26.1));
#1610=CARTESIAN_POINT('Ctrl Pts',(58.216235761065,-1.24624811112881,25.1));
#1611=CARTESIAN_POINT('Ctrl Pts',(58.2939207612992,-1.14465954299458,25.1));
#1612=CARTESIAN_POINT('Ctrl Pts',(58.4596390643471,-0.927949945652405,25.1));
#1613=CARTESIAN_POINT('Ctrl Pts',(58.4766431953939,-0.654704010653289,25.1));
#1614=CARTESIAN_POINT('Ctrl Pts',(58.4856761735864,-0.509549602866173,25.1));
#1615=CARTESIAN_POINT('Ctrl Pts',(57.5068224710412,-1.51227824389935,26.1));
#1616=CARTESIAN_POINT('Ctrl Pts',(57.5068224710412,-1.51227824389935,25.1));
#1617=CARTESIAN_POINT('Ctrl Pts',(57.6449581415438,-1.50338067636933,26.1));
#1618=CARTESIAN_POINT('Ctrl Pts',(57.6449581415438,-1.50338067636933,25.1));
#1619=CARTESIAN_POINT('Ctrl Pts',(57.9090803642353,-1.48636808791898,26.1));
#1620=CARTESIAN_POINT('Ctrl Pts',(57.9090803642353,-1.48636808791898,25.1));
#1621=CARTESIAN_POINT('Ctrl Pts',(58.1170391986584,-1.32379542596873,26.1));
#1622=CARTESIAN_POINT('Ctrl Pts',(58.1170391986584,-1.32379542596873,25.1));
#1623=CARTESIAN_POINT('Ctrl Pts',(58.216235761065,-1.24624811112881,26.1));
#1624=CARTESIAN_POINT('Ctrl Pts',(58.216235761065,-1.24624811112881,25.1));
#1625=CARTESIAN_POINT('',(57.5068224710412,-1.51227824389935,26.1));
#1626=CARTESIAN_POINT('Ctrl Pts',(57.5068224710412,-1.51227824389935,26.1));
#1627=CARTESIAN_POINT('Ctrl Pts',(57.6449581415438,-1.50338067636933,26.1));
#1628=CARTESIAN_POINT('Ctrl Pts',(57.9090803642353,-1.48636808791898,26.1));
#1629=CARTESIAN_POINT('Ctrl Pts',(58.1170391986584,-1.32379542596873,26.1));
#1630=CARTESIAN_POINT('Ctrl Pts',(58.216235761065,-1.24624811112881,26.1));
#1631=CARTESIAN_POINT('',(57.5068224710412,-1.51227824389935,25.1));
#1632=CARTESIAN_POINT('',(57.5068224710412,-1.51227824389935,26.1));
#1633=CARTESIAN_POINT('Ctrl Pts',(57.5068224710412,-1.51227824389935,25.1));
#1634=CARTESIAN_POINT('Ctrl Pts',(57.6449581415438,-1.50338067636933,25.1));
#1635=CARTESIAN_POINT('Ctrl Pts',(57.9090803642353,-1.48636808791898,25.1));
#1636=CARTESIAN_POINT('Ctrl Pts',(58.1170391986584,-1.32379542596873,25.1));
#1637=CARTESIAN_POINT('Ctrl Pts',(58.216235761065,-1.24624811112881,25.1));
#1638=CARTESIAN_POINT('Ctrl Pts',(56.8263996881433,-1.26159600913525,26.1));
#1639=CARTESIAN_POINT('Ctrl Pts',(56.8263996881433,-1.26159600913525,25.1));
#1640=CARTESIAN_POINT('Ctrl Pts',(56.9226535966051,-1.33467752063659,26.1));
#1641=CARTESIAN_POINT('Ctrl Pts',(56.9226535966051,-1.33467752063659,25.1));
#1642=CARTESIAN_POINT('Ctrl Pts',(57.1234349770107,-1.48712230958975,26.1));
#1643=CARTESIAN_POINT('Ctrl Pts',(57.1234349770107,-1.48712230958975,25.1));
#1644=CARTESIAN_POINT('Ctrl Pts',(57.3755635009278,-1.50366569893862,26.1));
#1645=CARTESIAN_POINT('Ctrl Pts',(57.3755635009278,-1.50366569893862,25.1));
#1646=CARTESIAN_POINT('Ctrl Pts',(57.5068224710412,-1.51227824389935,26.1));
#1647=CARTESIAN_POINT('Ctrl Pts',(57.5068224710412,-1.51227824389935,25.1));
#1648=CARTESIAN_POINT('',(56.8263996881433,-1.26159600913525,26.1));
#1649=CARTESIAN_POINT('Ctrl Pts',(56.8263996881433,-1.26159600913525,26.1));
#1650=CARTESIAN_POINT('Ctrl Pts',(56.9226535966051,-1.33467752063659,26.1));
#1651=CARTESIAN_POINT('Ctrl Pts',(57.1234349770107,-1.48712230958975,26.1));
#1652=CARTESIAN_POINT('Ctrl Pts',(57.3755635009278,-1.50366569893862,26.1));
#1653=CARTESIAN_POINT('Ctrl Pts',(57.5068224710412,-1.51227824389935,26.1));
#1654=CARTESIAN_POINT('',(56.8263996881433,-1.26159600913525,25.1));
#1655=CARTESIAN_POINT('',(56.8263996881433,-1.26159600913525,26.1));
#1656=CARTESIAN_POINT('Ctrl Pts',(56.8263996881433,-1.26159600913525,25.1));
#1657=CARTESIAN_POINT('Ctrl Pts',(56.9226535966051,-1.33467752063659,25.1));
#1658=CARTESIAN_POINT('Ctrl Pts',(57.1234349770107,-1.48712230958975,25.1));
#1659=CARTESIAN_POINT('Ctrl Pts',(57.3755635009278,-1.50366569893862,25.1));
#1660=CARTESIAN_POINT('Ctrl Pts',(57.5068224710412,-1.51227824389935,25.1));
#1661=CARTESIAN_POINT('Ctrl Pts',(56.5654851240106,-0.645975396037102,26.1));
#1662=CARTESIAN_POINT('Ctrl Pts',(56.5654851240106,-0.645975396037102,25.1));
#1663=CARTESIAN_POINT('Ctrl Pts',(56.5762511111222,-0.762759060877609,26.1));
#1664=CARTESIAN_POINT('Ctrl Pts',(56.5762511111222,-0.762759060877609,25.1));
#1665=CARTESIAN_POINT('Ctrl Pts',(56.5977311116684,-0.995762607933153,26.1));
#1666=CARTESIAN_POINT('Ctrl Pts',(56.5977311116684,-0.995762607933153,25.1));
#1667=CARTESIAN_POINT('Ctrl Pts',(56.7502998826987,-1.17312792828208,26.1));
#1668=CARTESIAN_POINT('Ctrl Pts',(56.7502998826987,-1.17312792828208,25.1));
#1669=CARTESIAN_POINT('Ctrl Pts',(56.8263996881433,-1.26159600913525,26.1));
#1670=CARTESIAN_POINT('Ctrl Pts',(56.8263996881433,-1.26159600913525,25.1));
#1671=CARTESIAN_POINT('',(56.5654851240106,-0.645975396037102,26.1));
#1672=CARTESIAN_POINT('Ctrl Pts',(56.5654851240106,-0.645975396037102,26.1));
#1673=CARTESIAN_POINT('Ctrl Pts',(56.5762511111222,-0.762759060877609,26.1));
#1674=CARTESIAN_POINT('Ctrl Pts',(56.5977311116684,-0.995762607933153,26.1));
#1675=CARTESIAN_POINT('Ctrl Pts',(56.7502998826987,-1.17312792828208,26.1));
#1676=CARTESIAN_POINT('Ctrl Pts',(56.8263996881433,-1.26159600913525,26.1));
#1677=CARTESIAN_POINT('',(56.5654851240106,-0.645975396037102,25.1));
#1678=CARTESIAN_POINT('',(56.5654851240106,-0.645975396037102,26.1));
#1679=CARTESIAN_POINT('Ctrl Pts',(56.5654851240106,-0.645975396037102,25.1));
#1680=CARTESIAN_POINT('Ctrl Pts',(56.5762511111222,-0.762759060877609,25.1));
#1681=CARTESIAN_POINT('Ctrl Pts',(56.5977311116684,-0.995762607933153,25.1));
#1682=CARTESIAN_POINT('Ctrl Pts',(56.7502998826987,-1.17312792828208,25.1));
#1683=CARTESIAN_POINT('Ctrl Pts',(56.8263996881433,-1.26159600913525,25.1));
#1684=CARTESIAN_POINT('Ctrl Pts',(56.8519796174951,0.0924286991357803,26.1));
#1685=CARTESIAN_POINT('Ctrl Pts',(56.8519796174951,0.0924286991357803,25.1));
#1686=CARTESIAN_POINT('Ctrl Pts',(56.7686225734801,-0.0298287024610544,
26.1));
#1687=CARTESIAN_POINT('Ctrl Pts',(56.7686225734801,-0.0298287024610544,
25.1));
#1688=CARTESIAN_POINT('Ctrl Pts',(56.6154300926103,-0.254511749666525,26.1));
#1689=CARTESIAN_POINT('Ctrl Pts',(56.6154300926103,-0.254511749666525,25.1));
#1690=CARTESIAN_POINT('Ctrl Pts',(56.5811241020204,-0.52339865750144,26.1));
#1691=CARTESIAN_POINT('Ctrl Pts',(56.5811241020204,-0.52339865750144,25.1));
#1692=CARTESIAN_POINT('Ctrl Pts',(56.5654851240106,-0.645975396037102,26.1));
#1693=CARTESIAN_POINT('Ctrl Pts',(56.5654851240106,-0.645975396037102,25.1));
#1694=CARTESIAN_POINT('',(56.8519796174951,0.0924286991357803,26.1));
#1695=CARTESIAN_POINT('Ctrl Pts',(56.8519796174951,0.0924286991357803,26.1));
#1696=CARTESIAN_POINT('Ctrl Pts',(56.7686225734801,-0.0298287024610544,
26.1));
#1697=CARTESIAN_POINT('Ctrl Pts',(56.6154300926103,-0.254511749666525,26.1));
#1698=CARTESIAN_POINT('Ctrl Pts',(56.5811241020204,-0.52339865750144,26.1));
#1699=CARTESIAN_POINT('Ctrl Pts',(56.5654851240106,-0.645975396037102,26.1));
#1700=CARTESIAN_POINT('',(56.8519796174951,0.0924286991357803,25.1));
#1701=CARTESIAN_POINT('',(56.8519796174951,0.0924286991357803,26.1));
#1702=CARTESIAN_POINT('Ctrl Pts',(56.8519796174951,0.0924286991357803,25.1));
#1703=CARTESIAN_POINT('Ctrl Pts',(56.7686225734801,-0.0298287024610544,
25.1));
#1704=CARTESIAN_POINT('Ctrl Pts',(56.6154300926103,-0.254511749666525,25.1));
#1705=CARTESIAN_POINT('Ctrl Pts',(56.5811241020204,-0.52339865750144,25.1));
#1706=CARTESIAN_POINT('Ctrl Pts',(56.5654851240106,-0.645975396037102,25.1));
#1707=CARTESIAN_POINT('Ctrl Pts',(57.9536165040918,1.15143246948719,26.1));
#1708=CARTESIAN_POINT('Ctrl Pts',(57.9536165040918,1.15143246948719,25.1));
#1709=CARTESIAN_POINT('Ctrl Pts',(57.7188797875305,0.958975664107948,26.1));
#1710=CARTESIAN_POINT('Ctrl Pts',(57.7188797875305,0.958975664107948,25.1));
#1711=CARTESIAN_POINT('Ctrl Pts',(57.3234208622776,0.634745341183539,26.1));
#1712=CARTESIAN_POINT('Ctrl Pts',(57.3234208622776,0.634745341183539,25.1));
#1713=CARTESIAN_POINT('Ctrl Pts',(56.9882141524431,0.2491444221269,26.1));
#1714=CARTESIAN_POINT('Ctrl Pts',(56.9882141524431,0.2491444221269,25.1));
#1715=CARTESIAN_POINT('Ctrl Pts',(56.8519796174951,0.0924286991357803,26.1));
#1716=CARTESIAN_POINT('Ctrl Pts',(56.8519796174951,0.0924286991357803,25.1));
#1717=CARTESIAN_POINT('',(57.9536165040918,1.15143246948719,26.1));
#1718=CARTESIAN_POINT('Ctrl Pts',(57.9536165040918,1.15143246948719,26.1));
#1719=CARTESIAN_POINT('Ctrl Pts',(57.7188797875305,0.958975664107948,26.1));
#1720=CARTESIAN_POINT('Ctrl Pts',(57.3234208622776,0.634745341183539,26.1));
#1721=CARTESIAN_POINT('Ctrl Pts',(56.9882141524431,0.2491444221269,26.1));
#1722=CARTESIAN_POINT('Ctrl Pts',(56.8519796174951,0.0924286991357803,26.1));
#1723=CARTESIAN_POINT('',(57.9536165040918,1.15143246948719,25.1));
#1724=CARTESIAN_POINT('',(57.9536165040918,1.15143246948719,26.1));
#1725=CARTESIAN_POINT('Ctrl Pts',(57.9536165040918,1.15143246948719,25.1));
#1726=CARTESIAN_POINT('Ctrl Pts',(57.7188797875305,0.958975664107948,25.1));
#1727=CARTESIAN_POINT('Ctrl Pts',(57.3234208622776,0.634745341183539,25.1));
#1728=CARTESIAN_POINT('Ctrl Pts',(56.9882141524431,0.2491444221269,25.1));
#1729=CARTESIAN_POINT('Ctrl Pts',(56.8519796174951,0.0924286991357803,25.1));
#1730=CARTESIAN_POINT('Ctrl Pts',(58.7568224710412,1.90859504044056,26.1));
#1731=CARTESIAN_POINT('Ctrl Pts',(58.7568224710412,1.90859504044056,25.1));
#1732=CARTESIAN_POINT('Ctrl Pts',(58.6457392373912,1.7886396820267,26.1));
#1733=CARTESIAN_POINT('Ctrl Pts',(58.6457392373912,1.7886396820267,25.1));
#1734=CARTESIAN_POINT('Ctrl Pts',(58.395246849328,1.5181406768867,26.1));
#1735=CARTESIAN_POINT('Ctrl Pts',(58.395246849328,1.5181406768867,25.1));
#1736=CARTESIAN_POINT('Ctrl Pts',(58.1115212730792,1.28254885539643,26.1));
#1737=CARTESIAN_POINT('Ctrl Pts',(58.1115212730792,1.28254885539643,25.1));
#1738=CARTESIAN_POINT('Ctrl Pts',(57.9536165040918,1.15143246948719,26.1));
#1739=CARTESIAN_POINT('Ctrl Pts',(57.9536165040918,1.15143246948719,25.1));
#1740=CARTESIAN_POINT('',(58.7568224710412,1.90859504044056,26.1));
#1741=CARTESIAN_POINT('Ctrl Pts',(58.7568224710412,1.90859504044056,26.1));
#1742=CARTESIAN_POINT('Ctrl Pts',(58.6457392373912,1.7886396820267,26.1));
#1743=CARTESIAN_POINT('Ctrl Pts',(58.395246849328,1.5181406768867,26.1));
#1744=CARTESIAN_POINT('Ctrl Pts',(58.1115212730792,1.28254885539643,26.1));
#1745=CARTESIAN_POINT('Ctrl Pts',(57.9536165040918,1.15143246948719,26.1));
#1746=CARTESIAN_POINT('',(58.7568224710412,1.90859504044056,25.1));
#1747=CARTESIAN_POINT('',(58.7568224710412,1.90859504044056,26.1));
#1748=CARTESIAN_POINT('Ctrl Pts',(58.7568224710412,1.90859504044056,25.1));
#1749=CARTESIAN_POINT('Ctrl Pts',(58.6457392373912,1.7886396820267,25.1));
#1750=CARTESIAN_POINT('Ctrl Pts',(58.395246849328,1.5181406768867,25.1));
#1751=CARTESIAN_POINT('Ctrl Pts',(58.1115212730792,1.28254885539643,25.1));
#1752=CARTESIAN_POINT('Ctrl Pts',(57.9536165040918,1.15143246948719,25.1));
#1753=CARTESIAN_POINT('Ctrl Pts',(59.1609830898233,2.57367022335529,26.1));
#1754=CARTESIAN_POINT('Ctrl Pts',(59.1609830898233,2.57367022335529,25.1));
#1755=CARTESIAN_POINT('Ctrl Pts',(59.1106775389012,2.45931695479451,26.1));
#1756=CARTESIAN_POINT('Ctrl Pts',(59.1106775389012,2.45931695479451,25.1));
#1757=CARTESIAN_POINT('Ctrl Pts',(59.0053605571425,2.21991313397744,26.1));
#1758=CARTESIAN_POINT('Ctrl Pts',(59.0053605571425,2.21991313397744,25.1));
#1759=CARTESIAN_POINT('Ctrl Pts',(58.8421001552177,2.0154136229585,26.1));
#1760=CARTESIAN_POINT('Ctrl Pts',(58.8421001552177,2.0154136229585,25.1));
#1761=CARTESIAN_POINT('Ctrl Pts',(58.7568224710412,1.90859504044056,26.1));
#1762=CARTESIAN_POINT('Ctrl Pts',(58.7568224710412,1.90859504044056,25.1));
#1763=CARTESIAN_POINT('',(59.1609830898233,2.57367022335529,26.1));
#1764=CARTESIAN_POINT('Ctrl Pts',(59.1609830898233,2.57367022335529,26.1));
#1765=CARTESIAN_POINT('Ctrl Pts',(59.1106775389012,2.45931695479451,26.1));
#1766=CARTESIAN_POINT('Ctrl Pts',(59.0053605571425,2.21991313397744,26.1));
#1767=CARTESIAN_POINT('Ctrl Pts',(58.8421001552177,2.0154136229585,26.1));
#1768=CARTESIAN_POINT('Ctrl Pts',(58.7568224710412,1.90859504044056,26.1));
#1769=CARTESIAN_POINT('',(59.1609830898233,2.57367022335529,25.1));
#1770=CARTESIAN_POINT('',(59.1609830898233,2.57367022335529,26.1));
#1771=CARTESIAN_POINT('Ctrl Pts',(59.1609830898233,2.57367022335529,25.1));
#1772=CARTESIAN_POINT('Ctrl Pts',(59.1106775389012,2.45931695479451,25.1));
#1773=CARTESIAN_POINT('Ctrl Pts',(59.0053605571425,2.21991313397744,25.1));
#1774=CARTESIAN_POINT('Ctrl Pts',(58.8421001552177,2.0154136229585,25.1));
#1775=CARTESIAN_POINT('Ctrl Pts',(58.7568224710412,1.90859504044056,25.1));
#1776=CARTESIAN_POINT('Ctrl Pts',(59.2326070112176,3.0000001937151,26.1));
#1777=CARTESIAN_POINT('Ctrl Pts',(59.2326070112176,3.0000001937151,25.1));
#1778=CARTESIAN_POINT('Ctrl Pts',(59.231368499779,2.92691931206913,26.1));
#1779=CARTESIAN_POINT('Ctrl Pts',(59.231368499779,2.92691931206913,25.1));
#1780=CARTESIAN_POINT('Ctrl Pts',(59.2288990837131,2.7812064041162,26.1));
#1781=CARTESIAN_POINT('Ctrl Pts',(59.2288990837131,2.7812064041162,25.1));
#1782=CARTESIAN_POINT('Ctrl Pts',(59.1835752157711,2.64270673840781,26.1));
#1783=CARTESIAN_POINT('Ctrl Pts',(59.1835752157711,2.64270673840781,25.1));
#1784=CARTESIAN_POINT('Ctrl Pts',(59.1609830898233,2.57367022335529,26.1));
#1785=CARTESIAN_POINT('Ctrl Pts',(59.1609830898233,2.57367022335529,25.1));
#1786=CARTESIAN_POINT('',(59.2326070112176,3.0000001937151,26.1));
#1787=CARTESIAN_POINT('Ctrl Pts',(59.2326070112176,3.0000001937151,26.1));
#1788=CARTESIAN_POINT('Ctrl Pts',(59.231368499779,2.92691931206913,26.1));
#1789=CARTESIAN_POINT('Ctrl Pts',(59.2288990837131,2.7812064041162,26.1));
#1790=CARTESIAN_POINT('Ctrl Pts',(59.1835752157711,2.64270673840781,26.1));
#1791=CARTESIAN_POINT('Ctrl Pts',(59.1609830898233,2.57367022335529,26.1));
#1792=CARTESIAN_POINT('',(59.2326070112176,3.0000001937151,25.1));
#1793=CARTESIAN_POINT('',(59.2326070112176,3.0000001937151,26.1));
#1794=CARTESIAN_POINT('Ctrl Pts',(59.2326070112176,3.0000001937151,25.1));
#1795=CARTESIAN_POINT('Ctrl Pts',(59.231368499779,2.92691931206913,25.1));
#1796=CARTESIAN_POINT('Ctrl Pts',(59.2288990837131,2.7812064041162,25.1));
#1797=CARTESIAN_POINT('Ctrl Pts',(59.1835752157711,2.64270673840781,25.1));
#1798=CARTESIAN_POINT('Ctrl Pts',(59.1609830898233,2.57367022335529,25.1));
#1799=CARTESIAN_POINT('Origin',(55.9276951593347,3.0000001937151,26.1));
#1800=CARTESIAN_POINT('',(55.9276951593347,3.0000001937151,26.1));
#1801=CARTESIAN_POINT('',(51.2138479261193,3.0000001937151,26.1));
#1802=CARTESIAN_POINT('',(55.9276951593347,3.0000001937151,25.1));
#1803=CARTESIAN_POINT('',(55.9276951593347,3.0000001937151,26.1));
#1804=CARTESIAN_POINT('',(55.9276951593347,3.0000001937151,25.1));
#1805=CARTESIAN_POINT('Origin',(55.9276951593347,2.40995950996876,26.1));
#1806=CARTESIAN_POINT('',(55.9276951593347,2.40995950996876,26.1));
#1807=CARTESIAN_POINT('',(55.9276951593347,5.45497981831431,26.1));
#1808=CARTESIAN_POINT('',(55.9276951593347,2.40995950996876,25.1));
#1809=CARTESIAN_POINT('',(55.9276951593347,2.40995950996876,26.1));
#1810=CARTESIAN_POINT('',(55.9276951593347,2.40995950996876,25.1));
#1811=CARTESIAN_POINT('Origin',(58.3799458784051,2.40995950996876,26.1));
#1812=CARTESIAN_POINT('',(52.4399732856546,2.40995950996876,26.1));
#1813=CARTESIAN_POINT('',(58.3799458784051,2.40995950996876,25.1));
#1814=CARTESIAN_POINT('Origin',(60.0000008684583,0.489768162369728,25.1));
#1815=CARTESIAN_POINT('Origin',(59.4986368459649,-1.9999998062849,26.1));
#1816=CARTESIAN_POINT('',(59.4986368459649,-1.9999998062849,26.1));
#1817=CARTESIAN_POINT('',(61.4563448471017,3.0000001937151,26.1));
#1818=CARTESIAN_POINT('',(60.4170554174695,0.345647682950727,26.1));
#1819=CARTESIAN_POINT('',(59.4986368459649,-1.9999998062849,25.1));
#1820=CARTESIAN_POINT('',(59.4986368459649,-1.9999998062849,26.1));
#1821=CARTESIAN_POINT('',(61.4563448471017,3.0000001937151,25.1));
#1822=CARTESIAN_POINT('',(59.4986368459649,-1.9999998062849,25.1));
#1823=CARTESIAN_POINT('',(61.4563448471017,3.0000001937151,26.1));
#1824=CARTESIAN_POINT('Origin',(60.1739437622018,-1.9999998062849,26.1));
#1825=CARTESIAN_POINT('',(60.1739437622018,-1.9999998062849,26.1));
#1826=CARTESIAN_POINT('',(53.3369722275529,-1.9999998062849,26.1));
#1827=CARTESIAN_POINT('',(60.1739437622018,-1.9999998062849,25.1));
#1828=CARTESIAN_POINT('',(60.1739437622018,-1.9999998062849,26.1));
#1829=CARTESIAN_POINT('',(60.1739437622018,-1.9999998062849,25.1));
#1830=CARTESIAN_POINT('Origin',(61.5245575946756,1.63233287632465,26.1));
#1831=CARTESIAN_POINT('',(61.5245575946756,1.63233287632465,26.1));
#1832=CARTESIAN_POINT('',(61.7337992398174,2.19506609283514,26.1));
#1833=CARTESIAN_POINT('',(61.5245575946756,1.63233287632465,25.1));
#1834=CARTESIAN_POINT('',(61.5245575946756,1.63233287632465,26.1));
#1835=CARTESIAN_POINT('',(61.5245575946756,1.63233287632465,25.1));
#1836=CARTESIAN_POINT('Ctrl Pts',(61.7939983052202,2.45088703930378,26.1));
#1837=CARTESIAN_POINT('Ctrl Pts',(61.7939983052202,2.45088703930378,25.1));
#1838=CARTESIAN_POINT('Ctrl Pts',(61.7536093266281,2.31400356197312,26.1));
#1839=CARTESIAN_POINT('Ctrl Pts',(61.7536093266281,2.31400356197312,25.1));
#1840=CARTESIAN_POINT('Ctrl Pts',(61.6722780695551,2.03836140235642,26.1));
#1841=CARTESIAN_POINT('Ctrl Pts',(61.6722780695551,2.03836140235642,25.1));
#1842=CARTESIAN_POINT('Ctrl Pts',(61.5740205695741,1.76828815813351,26.1));
#1843=CARTESIAN_POINT('Ctrl Pts',(61.5740205695741,1.76828815813351,25.1));
#1844=CARTESIAN_POINT('Ctrl Pts',(61.5245575946756,1.63233287632465,26.1));
#1845=CARTESIAN_POINT('Ctrl Pts',(61.5245575946756,1.63233287632465,25.1));
#1846=CARTESIAN_POINT('',(61.7939983052202,2.45088703930378,26.1));
#1847=CARTESIAN_POINT('Ctrl Pts',(61.7939983052202,2.45088703930378,26.1));
#1848=CARTESIAN_POINT('Ctrl Pts',(61.7536093266281,2.31400356197312,26.1));
#1849=CARTESIAN_POINT('Ctrl Pts',(61.6722780695551,2.03836140235642,26.1));
#1850=CARTESIAN_POINT('Ctrl Pts',(61.5740205695741,1.76828815813351,26.1));
#1851=CARTESIAN_POINT('Ctrl Pts',(61.5245575946756,1.63233287632465,26.1));
#1852=CARTESIAN_POINT('',(61.7939983052202,2.45088703930378,25.1));
#1853=CARTESIAN_POINT('',(61.7939983052202,2.45088703930378,26.1));
#1854=CARTESIAN_POINT('Ctrl Pts',(61.7939983052202,2.45088703930378,25.1));
#1855=CARTESIAN_POINT('Ctrl Pts',(61.7536093266281,2.31400356197312,25.1));
#1856=CARTESIAN_POINT('Ctrl Pts',(61.6722780695551,2.03836140235642,25.1));
#1857=CARTESIAN_POINT('Ctrl Pts',(61.5740205695741,1.76828815813351,25.1));
#1858=CARTESIAN_POINT('Ctrl Pts',(61.5245575946756,1.63233287632465,25.1));
#1859=CARTESIAN_POINT('Ctrl Pts',(62.0566175621934,1.63233287632465,26.1));
#1860=CARTESIAN_POINT('Ctrl Pts',(62.0566175621934,1.63233287632465,25.1));
#1861=CARTESIAN_POINT('Ctrl Pts',(62.0072088927278,1.77286598978851,26.1));
#1862=CARTESIAN_POINT('Ctrl Pts',(62.0072088927278,1.77286598978851,25.1));
#1863=CARTESIAN_POINT('Ctrl Pts',(61.9121281928872,2.0433040915113,26.1));
#1864=CARTESIAN_POINT('Ctrl Pts',(61.9121281928872,2.0433040915113,25.1));
#1865=CARTESIAN_POINT('Ctrl Pts',(61.8323295817038,2.31863283191896,26.1));
#1866=CARTESIAN_POINT('Ctrl Pts',(61.8323295817038,2.31863283191896,25.1));
#1867=CARTESIAN_POINT('Ctrl Pts',(61.7939983052202,2.45088703930378,26.1));
#1868=CARTESIAN_POINT('Ctrl Pts',(61.7939983052202,2.45088703930378,25.1));
#1869=CARTESIAN_POINT('',(62.0566175621934,1.63233287632465,26.1));
#1870=CARTESIAN_POINT('Ctrl Pts',(62.0566175621934,1.63233287632465,26.1));
#1871=CARTESIAN_POINT('Ctrl Pts',(62.0072088927278,1.77286598978851,26.1));
#1872=CARTESIAN_POINT('Ctrl Pts',(61.9121281928872,2.0433040915113,26.1));
#1873=CARTESIAN_POINT('Ctrl Pts',(61.8323295817038,2.31863283191896,26.1));
#1874=CARTESIAN_POINT('Ctrl Pts',(61.7939983052202,2.45088703930378,26.1));
#1875=CARTESIAN_POINT('',(62.0566175621934,1.63233287632465,25.1));
#1876=CARTESIAN_POINT('',(62.0566175621934,1.63233287632465,26.1));
#1877=CARTESIAN_POINT('Ctrl Pts',(62.0566175621934,1.63233287632465,25.1));
#1878=CARTESIAN_POINT('Ctrl Pts',(62.0072088927278,1.77286598978851,25.1));
#1879=CARTESIAN_POINT('Ctrl Pts',(61.9121281928872,2.0433040915113,25.1));
#1880=CARTESIAN_POINT('Ctrl Pts',(61.8323295817038,2.31863283191896,25.1));
#1881=CARTESIAN_POINT('Ctrl Pts',(61.7939983052202,2.45088703930378,25.1));
#1882=CARTESIAN_POINT('Origin',(63.3560718339868,-1.9999998062849,26.1));
#1883=CARTESIAN_POINT('',(63.3560718339868,-1.9999998062849,26.1));
#1884=CARTESIAN_POINT('',(60.734745323837,5.32732995151215,26.1));
#1885=CARTESIAN_POINT('',(63.3560718339868,-1.9999998062849,25.1));
#1886=CARTESIAN_POINT('',(63.3560718339868,-1.9999998062849,26.1));
#1887=CARTESIAN_POINT('',(63.3560718339868,-1.9999998062849,25.1));
#1888=CARTESIAN_POINT('Origin',(64.0723065775819,-1.9999998062849,26.1));
#1889=CARTESIAN_POINT('',(64.0723065775819,-1.9999998062849,26.1));
#1890=CARTESIAN_POINT('',(55.286153635243,-1.9999998062849,26.1));
#1891=CARTESIAN_POINT('',(64.0723065775819,-1.9999998062849,25.1));
#1892=CARTESIAN_POINT('',(64.0723065775819,-1.9999998062849,26.1));
#1893=CARTESIAN_POINT('',(64.0723065775819,-1.9999998062849,25.1));
#1894=CARTESIAN_POINT('Origin',(62.1350623411127,3.0000001937151,26.1));
#1895=CARTESIAN_POINT('',(62.1350623411127,3.0000001937151,26.1));
#1896=CARTESIAN_POINT('',(60.1882810154666,8.0246152861161,26.1));
#1897=CARTESIAN_POINT('',(62.1350623411127,3.0000001937151,25.1));
#1898=CARTESIAN_POINT('',(62.1350623411127,3.0000001937151,26.1));
#1899=CARTESIAN_POINT('',(62.1350623411127,3.0000001937151,25.1));
#1900=CARTESIAN_POINT('Origin',(61.4563448471017,3.0000001937151,26.1));
#1901=CARTESIAN_POINT('',(53.9781727700029,3.0000001937151,26.1));
#1902=CARTESIAN_POINT('',(61.4563448471017,3.0000001937151,25.1));
#1903=CARTESIAN_POINT('Origin',(60.0000008684583,0.489768162369728,25.1));
#1904=CARTESIAN_POINT('Origin',(50.4000011771917,16.5700003874302,20.));
#1905=CARTESIAN_POINT('',(48.6000011771917,16.5700003874302,21.1));
#1906=CARTESIAN_POINT('Origin',(50.4000011771917,16.5700003874302,21.1));
#1907=CARTESIAN_POINT('',(48.6000011771917,16.5700003874302,26.1));
#1908=CARTESIAN_POINT('',(48.6000011771917,16.5700003874302,20.));
#1909=CARTESIAN_POINT('Origin',(50.4000011771917,16.5700003874302,26.1));
#1910=CARTESIAN_POINT('Origin',(44.8600011771917,-4.00000013411045,20.));
#1911=CARTESIAN_POINT('',(43.0600011771917,-4.00000013411045,21.1));
#1912=CARTESIAN_POINT('Origin',(44.8600011771917,-4.00000013411045,21.1));
#1913=CARTESIAN_POINT('',(43.0600011771917,-4.00000013411045,26.1));
#1914=CARTESIAN_POINT('',(43.0600011771917,-4.00000013411045,20.));
#1915=CARTESIAN_POINT('Origin',(44.8600011771917,-4.00000013411045,26.1));
#1916=CARTESIAN_POINT('Origin',(50.2000002086163,8.49999986588956,20.6));
#1917=CARTESIAN_POINT('',(46.2000002086163,8.49999986588956,21.1));
#1918=CARTESIAN_POINT('Origin',(50.2000002086163,8.49999986588956,21.1));
#1919=CARTESIAN_POINT('',(47.2000002086163,8.49999986588956,20.1));
#1920=CARTESIAN_POINT('',(46.7000002086163,8.49999986588956,20.6));
#1921=CARTESIAN_POINT('Origin',(50.2000002086163,8.49999986588956,20.1));
#1922=CARTESIAN_POINT('Origin',(50.2000002086163,8.49999986588956,19.1));
#1923=CARTESIAN_POINT('',(47.2000002086163,8.49999986588956,19.1));
#1924=CARTESIAN_POINT('',(47.2000002086163,8.49999986588956,19.1));
#1925=CARTESIAN_POINT('Origin',(50.2000002086163,8.49999986588956,19.1));
#1926=CARTESIAN_POINT('Origin',(46.500000692904,8.50000012665987,21.1));
#1927=CARTESIAN_POINT('',(79.0000011771917,-9.00000013411045,21.1));
#1928=CARTESIAN_POINT('',(14.0000002086163,-9.00000013411045,21.1));
#1929=CARTESIAN_POINT('',(79.0000011771917,-9.00000013411045,21.1));
#1930=CARTESIAN_POINT('',(14.0000002086163,26.0000003874302,21.1));
#1931=CARTESIAN_POINT('',(14.0000002086163,-9.00000013411045,21.1));
#1932=CARTESIAN_POINT('',(79.0000011771917,26.0000003874302,21.1));
#1933=CARTESIAN_POINT('',(14.0000002086163,26.0000003874302,21.1));
#1934=CARTESIAN_POINT('',(79.0000011771917,26.0000003874302,21.1));
#1935=CARTESIAN_POINT('',(24.0010002086163,8.49999986588956,21.1));
#1936=CARTESIAN_POINT('Origin',(32.1010002086163,8.49999986588956,21.1));
#1937=CARTESIAN_POINT('',(67.3500002086163,8.49999986588955,21.1));
#1938=CARTESIAN_POINT('Origin',(69.0000002086163,8.49999986588955,21.1));
#1939=CARTESIAN_POINT('',(76.6500011771917,-5.00000013411045,21.1));
#1940=CARTESIAN_POINT('Origin',(75.0000011771917,-5.00000013411045,21.1));
#1941=CARTESIAN_POINT('',(19.6500002086163,22.0000003874302,21.1));
#1942=CARTESIAN_POINT('Origin',(18.0000002086163,22.0000003874302,21.1));
#1943=CARTESIAN_POINT('',(76.6500011771917,22.0000003874302,21.1));
#1944=CARTESIAN_POINT('Origin',(75.0000011771917,22.0000003874302,21.1));
#1945=CARTESIAN_POINT('',(19.6500002086163,-5.00000013411045,21.1));
#1946=CARTESIAN_POINT('Origin',(18.0000002086163,-5.00000013411045,21.1));
#1947=CARTESIAN_POINT('Origin',(50.2000002086163,8.49999986588956,19.1));
#1948=CARTESIAN_POINT('',(48.5500002086163,8.49999986588956,19.1));
#1949=CARTESIAN_POINT('Origin',(50.2000002086163,8.49999986588956,19.1));
#1950=CARTESIAN_POINT('Origin',(18.0000002086163,22.0000003874302,26.1));
#1951=CARTESIAN_POINT('',(21.6500002086163,22.0000003874302,26.1));
#1952=CARTESIAN_POINT('Origin',(18.0000002086163,22.0000003874302,26.1));
#1953=CARTESIAN_POINT('',(21.6500002086163,22.0000003874302,24.1));
#1954=CARTESIAN_POINT('',(21.6500002086163,22.0000003874302,26.1));
#1955=CARTESIAN_POINT('Origin',(18.0000002086163,22.0000003874302,24.1));
#1956=CARTESIAN_POINT('Origin',(18.0000002086163,22.0000003874302,24.1));
#1957=CARTESIAN_POINT('',(19.6500002086163,22.0000003874302,24.1));
#1958=CARTESIAN_POINT('Origin',(18.0000002086163,22.0000003874302,24.1));
#1959=CARTESIAN_POINT('Origin',(75.0000011771917,22.0000003874302,26.1));
#1960=CARTESIAN_POINT('',(78.6500011771917,22.0000003874302,26.1));
#1961=CARTESIAN_POINT('Origin',(75.0000011771917,22.0000003874302,26.1));
#1962=CARTESIAN_POINT('',(78.6500011771917,22.0000003874302,24.1));
#1963=CARTESIAN_POINT('',(78.6500011771917,22.0000003874302,26.1));
#1964=CARTESIAN_POINT('Origin',(75.0000011771917,22.0000003874302,24.1));
#1965=CARTESIAN_POINT('Origin',(75.0000011771917,22.0000003874302,24.1));
#1966=CARTESIAN_POINT('',(76.6500011771917,22.0000003874302,24.1));
#1967=CARTESIAN_POINT('Origin',(75.0000011771917,22.0000003874302,24.1));
#1968=CARTESIAN_POINT('Origin',(18.0000002086163,-5.00000013411045,26.1));
#1969=CARTESIAN_POINT('',(21.6500002086163,-5.00000013411045,26.1));
#1970=CARTESIAN_POINT('Origin',(18.0000002086163,-5.00000013411045,26.1));
#1971=CARTESIAN_POINT('',(21.6500002086163,-5.00000013411045,24.1));
#1972=CARTESIAN_POINT('',(21.6500002086163,-5.00000013411045,26.1));
#1973=CARTESIAN_POINT('Origin',(18.0000002086163,-5.00000013411045,24.1));
#1974=CARTESIAN_POINT('Origin',(18.0000002086163,-5.00000013411045,24.1));
#1975=CARTESIAN_POINT('',(19.6500002086163,-5.00000013411045,24.1));
#1976=CARTESIAN_POINT('Origin',(18.0000002086163,-5.00000013411045,24.1));
#1977=CARTESIAN_POINT('Origin',(75.0000011771917,-5.00000013411045,26.1));
#1978=CARTESIAN_POINT('',(78.1500011771917,-5.00000013411045,26.1));
#1979=CARTESIAN_POINT('Origin',(75.0000011771917,-5.00000013411045,26.1));
#1980=CARTESIAN_POINT('',(78.1500011771917,-5.00000013411045,24.1));
#1981=CARTESIAN_POINT('',(78.1500011771917,-5.00000013411045,26.1));
#1982=CARTESIAN_POINT('Origin',(75.0000011771917,-5.00000013411045,24.1));
#1983=CARTESIAN_POINT('Origin',(75.0000011771917,-5.00000013411045,24.1));
#1984=CARTESIAN_POINT('',(76.6500011771917,-5.00000013411045,24.1));
#1985=CARTESIAN_POINT('Origin',(75.0000011771917,-5.00000013411045,24.1));
#1986=CARTESIAN_POINT('Origin',(18.0000002086163,-5.00000013411045,26.1));
#1987=CARTESIAN_POINT('',(19.6500002086163,-5.00000013411045,26.1));
#1988=CARTESIAN_POINT('Origin',(75.0000011771917,22.0000003874302,26.1));
#1989=CARTESIAN_POINT('',(76.6500011771917,22.0000003874302,26.1));
#1990=CARTESIAN_POINT('Origin',(18.0000002086163,22.0000003874302,26.1));
#1991=CARTESIAN_POINT('',(19.6500002086163,22.0000003874302,26.1));
#1992=CARTESIAN_POINT('Origin',(75.0000011771917,-5.00000013411045,26.1));
#1993=CARTESIAN_POINT('',(76.6500011771917,-5.00000013411045,26.1));
#1994=CARTESIAN_POINT('Origin',(32.1010002086163,8.49999986588956,21.1));
#1995=CARTESIAN_POINT('',(24.0010002086163,8.49999986588956,26.1));
#1996=CARTESIAN_POINT('Origin',(32.1010002086163,8.49999986588956,26.1));
#1997=CARTESIAN_POINT('',(24.0010002086163,8.49999986588956,21.1));
#1998=CARTESIAN_POINT('Origin',(50.2000002086163,8.49999986588956,21.1));
#1999=CARTESIAN_POINT('',(48.5500002086163,8.49999986588956,26.1));
#2000=CARTESIAN_POINT('Origin',(50.2000002086163,8.49999986588956,26.1));
#2001=CARTESIAN_POINT('',(48.5500002086163,8.49999986588956,21.1));
#2002=CARTESIAN_POINT('Origin',(69.0000002086163,8.49999986588955,21.1));
#2003=CARTESIAN_POINT('',(67.3500002086163,8.49999986588955,26.1));
#2004=CARTESIAN_POINT('Origin',(69.0000002086163,8.49999986588955,26.1));
#2005=CARTESIAN_POINT('',(67.3500002086163,8.49999986588955,21.1));
#2006=CARTESIAN_POINT('Origin',(14.0000002086163,26.0000003874302,21.1));
#2007=CARTESIAN_POINT('',(14.0000002086163,-9.00000013411045,26.1));
#2008=CARTESIAN_POINT('',(14.0000002086163,-9.00000013411045,21.1));
#2009=CARTESIAN_POINT('',(14.0000002086163,26.0000003874302,26.1));
#2010=CARTESIAN_POINT('',(14.0000002086163,-9.00000013411045,26.1));
#2011=CARTESIAN_POINT('',(14.0000002086163,26.0000003874302,21.1));
#2012=CARTESIAN_POINT('Origin',(79.0000011771917,26.0000003874302,21.1));
#2013=CARTESIAN_POINT('',(79.0000011771917,26.0000003874302,26.1));
#2014=CARTESIAN_POINT('',(14.0000002086163,26.0000003874302,26.1));
#2015=CARTESIAN_POINT('',(79.0000011771917,26.0000003874302,21.1));
#2016=CARTESIAN_POINT('Origin',(79.0000011771917,-9.00000013411045,21.1));
#2017=CARTESIAN_POINT('',(79.0000011771917,-9.00000013411045,26.1));
#2018=CARTESIAN_POINT('',(79.0000011771917,26.0000003874302,26.1));
#2019=CARTESIAN_POINT('',(79.0000011771917,-9.00000013411045,21.1));
#2020=CARTESIAN_POINT('Origin',(14.0000002086163,-9.00000013411045,21.1));
#2021=CARTESIAN_POINT('',(79.0000011771917,-9.00000013411045,26.1));
#2022=CARTESIAN_POINT('Origin',(46.500000692904,8.50000012665987,26.1));
#2023=CARTESIAN_POINT('',(-33.0981952215708,0.00610012264083614,-2.54700590519572));
#2024=UNCERTAINTY_MEASURE_WITH_UNIT(LENGTH_MEASURE(0.01),#2030,
'DISTANCE_ACCURACY_VALUE',
'Maximum model space distance between geometric entities at asserted c
onnectivities');
#2025=UNCERTAINTY_MEASURE_WITH_UNIT(LENGTH_MEASURE(0.01),#2030,
'DISTANCE_ACCURACY_VALUE',
'Maximum model space distance between geometric entities at asserted c
onnectivities');
#2026=UNCERTAINTY_MEASURE_WITH_UNIT(LENGTH_MEASURE(0.01),#2030,
'DISTANCE_ACCURACY_VALUE',
'Maximum model space distance between geometric entities at asserted c
onnectivities');
#2027=(
GEOMETRIC_REPRESENTATION_CONTEXT(3)
GLOBAL_UNCERTAINTY_ASSIGNED_CONTEXT((#2024))
GLOBAL_UNIT_ASSIGNED_CONTEXT((#2030,#2031,#2032))
REPRESENTATION_CONTEXT('','3D')
);
#2028=(
GEOMETRIC_REPRESENTATION_CONTEXT(3)
GLOBAL_UNCERTAINTY_ASSIGNED_CONTEXT((#2025))
GLOBAL_UNIT_ASSIGNED_CONTEXT((#2030,#2031,#2032))
REPRESENTATION_CONTEXT('','3D')
);
#2029=(
GEOMETRIC_REPRESENTATION_CONTEXT(3)
GLOBAL_UNCERTAINTY_ASSIGNED_CONTEXT((#2026))
GLOBAL_UNIT_ASSIGNED_CONTEXT((#2030,#2031,#2032))
REPRESENTATION_CONTEXT('','3D')
);
#2030=(
LENGTH_UNIT()
NAMED_UNIT(*)
SI_UNIT(.MILLI.,.METRE.)
);
#2031=(
NAMED_UNIT(*)
PLANE_ANGLE_UNIT()
SI_UNIT($,.RADIAN.)
);
#2032=(
NAMED_UNIT(*)
SI_UNIT($,.STERADIAN.)
SOLID_ANGLE_UNIT()
);
#2033=SHAPE_DEFINITION_REPRESENTATION(#2035,#2038);
#2034=SHAPE_DEFINITION_REPRESENTATION(#2036,#2039);
#2035=PRODUCT_DEFINITION_SHAPE('',$,#2041);
#2036=PRODUCT_DEFINITION_SHAPE('',$,#2042);
#2037=PRODUCT_DEFINITION_SHAPE($,$,#14);
#2038=SHAPE_REPRESENTATION('',(#1081,#1151),#2027);
#2039=SHAPE_REPRESENTATION('',(#1082),#2028);
#2040=PRODUCT_DEFINITION_CONTEXT('part definition',#2048,'design');
#2041=PRODUCT_DEFINITION('DC gearbox','DC gearbox v7',#2043,#2040);
#2042=PRODUCT_DEFINITION('Housing','Housing',#2044,#2040);
#2043=PRODUCT_DEFINITION_FORMATION('',$,#2050);
#2044=PRODUCT_DEFINITION_FORMATION('',$,#2051);
#2045=PRODUCT_RELATED_PRODUCT_CATEGORY('DC gearbox v7','DC gearbox v7',
(#2050));
#2046=PRODUCT_RELATED_PRODUCT_CATEGORY('Housing','Housing',(#2051));
#2047=APPLICATION_PROTOCOL_DEFINITION('international standard',
'automotive_design',2009,#2048);
#2048=APPLICATION_CONTEXT(
'Core Data for Automotive Mechanical Design Process');
#2049=PRODUCT_CONTEXT('part definition',#2048,'mechanical');
#2050=PRODUCT('DC gearbox','DC gearbox v7',$,(#2049));
#2051=PRODUCT('Housing','Housing',$,(#2049));
#2052=PRESENTATION_STYLE_ASSIGNMENT((#2053));
#2053=SURFACE_STYLE_USAGE(.BOTH.,#2054);
#2054=SURFACE_SIDE_STYLE('',(#2055));
#2055=SURFACE_STYLE_FILL_AREA(#2056);
#2056=FILL_AREA_STYLE('Steel - Satin',(#2057));
#2057=FILL_AREA_STYLE_COLOUR('Steel - Satin',#2058);
#2058=COLOUR_RGB('Steel - Satin',0.627450980392157,0.627450980392157,0.627450980392157);
ENDSEC;
END-ISO-10303-21;
